Material,Tabla_Contingencia (conteo de casos),Tabla_Transiciones,Claudio (Prob Est.)
ABEFEN 1G D/5ML C/1FAMP SI,"[[114, 12], [12, 49]]","[[0.9047619047619048, 0.09523809523809523], [0.19672131147540983, 0.8032786885245902]]","[0.6737967914, 0.3262032086]"
AGRIFEN TABLETAS C/10TAB,"[[25, 33], [33, 41]]","[[0.43103448275862066, 0.5689655172413793], [0.44594594594594594, 0.5540540540540541]]","[0.4393939394, 0.5606060606]"
AGRULAX 15G C/5SOBRES,"[[1, 9], [9, 41]]","[[0.1, 0.9], [0.18, 0.82]]","[0.1666666667, 0.8333333333]"
AGUA INY C/10ML 100AMP SI NVO,"[[54, 32], [32, 24]]","[[0.627906976744186, 0.37209302325581395], [0.5714285714285714, 0.42857142857142855]]","[0.6056338028, 0.3943661972]"
AGUA INYECECTABLE C/500ML 1FCO SI,"[[5, 19], [19, 141]]","[[0.20833333333333334, 0.7916666666666666], [0.11875, 0.88125]]","[0.1304347826, 0.8695652174]"
AGUA INYECTABLE 10ML C/100AMP,"[[17, 8], [8, 14]]","[[0.68, 0.32], [0.36363636363636365, 0.6363636363636364]]","[0.5319148936, 0.4680851064]"
AGUA INYECTABLE 10ML C/100AMPP,"[[183, 2], [2, 0]]","[[0.9891891891891892, 0.010810810810810811], [1.0, 0.0]]","[0.9893048128, 0.0106951872]"
AGUA INYECTABLE 20ML C/1FAMP,"[[0, 1], [1, 5]]","[[0.0, 1.0], [0.16666666666666666, 0.8333333333333334]]","[0.1428571429, 0.8571428571]"
AGUA INYECTABLE 3ML C/100AMP,"[[15, 38], [38, 93]]","[[0.2830188679245283, 0.7169811320754716], [0.2900763358778626, 0.7099236641221374]]","[0.2880434783, 0.7119565217]"
AGUA INYECTABLE 3ML C/100AMPP,"[[4, 3], [3, 1]]","[[0.5714285714285714, 0.42857142857142855], [0.75, 0.25]]","[0.6363636364, 0.3636363636]"
AGUA INYECTABLE 3ML C/100AMPP SI TLJ,"[[159, 8], [8, 3]]","[[0.9520958083832335, 0.04790419161676647], [0.7272727272727273, 0.2727272727272727]]","[0.9382022472, 0.0617977528]"
AGUA INYECTABLE 5ML C/100AMP,"[[22, 42], [42, 79]]","[[0.34375, 0.65625], [0.34710743801652894, 0.6528925619834711]]","[0.3459459459, 0.6540540541]"
AGUA INYECTABLE 5ML C/100AMPP,"[[176, 4], [4, 3]]","[[0.9777777777777777, 0.022222222222222223], [0.5714285714285714, 0.42857142857142855]]","[0.9625668449, 0.0374331551]"
AGUA P/IRRIG C/2000ML 1FCO PLAS SI,"[[3, 12], [12, 57]]","[[0.2, 0.8], [0.17391304347826086, 0.8260869565217391]]","[0.1785714286, 0.8214285714]"
AGUA P/IRRIG C/3000ML 1FCO PLAS SI,"[[1, 5], [5, 31]]","[[0.16666666666666666, 0.8333333333333334], [0.1388888888888889, 0.8611111111111112]]","[0.1428571429, 0.8571428571]"
AGUA P/IRRIGA DUAL ESTERIL C/1000ML PLAS,"[[181, 3], [3, 0]]","[[0.9836956521739131, 0.016304347826086956], [1.0, 0.0]]","[0.9839572193, 0.0160427807]"
AGUA P/IRRIGA DUAL ESTERIL C/500ML PLAS,"[[175, 6], [6, 0]]","[[0.9668508287292817, 0.03314917127071823], [1.0, 0.0]]","[0.9679144385, 0.0320855615]"
AGUA P/IRRIGA ESTERIL C/1000ML 1FCO PLAS,"[[187, 0], [0, 0]]","[[1.0, 0.0], [0, 0]]","[1.0, 0.0]"
AGUA P/IRRIGA ESTERIL C/500ML 1FCO PLAS,"[[185, 1], [1, 0]]","[[0.9946236559139785, 0.005376344086021506], [1.0, 0.0]]","[0.9946524064, 0.0053475936]"
AGUA P/IRRIGACION ESTERIL C/3L,"[[185, 1], [1, 0]]","[[0.9946236559139785, 0.005376344086021506], [1.0, 0.0]]","[0.9946524064, 0.0053475936]"
AGUJA GRIPPER 20GX19MM,"[[2, 11], [11, 94]]","[[0.15384615384615385, 0.8461538461538461], [0.10476190476190476, 0.8952380952380953]]","[0.1101694915, 0.8898305085]"
AGUJA GRIPPER 20GX25MM,"[[0, 4], [4, 48]]","[[0.0, 1.0], [0.07692307692307693, 0.9230769230769231]]","[0.0714285714, 0.9285714286]"
AGUJA PORT-A-SITE 20GX19MM,"[[85, 19], [19, 62]]","[[0.8173076923076923, 0.18269230769230768], [0.2345679012345679, 0.7654320987654321]]","[0.5621621622, 0.4378378378]"
AGUJA PORT-A-SITE 20GX25MM,"[[30, 26], [26, 101]]","[[0.5357142857142857, 0.4642857142857143], [0.2047244094488189, 0.7952755905511811]]","[0.306010929, 0.693989071]"
AGUJA PORT-A-SITE 22GX19MM,"[[41, 28], [28, 87]]","[[0.5942028985507246, 0.4057971014492754], [0.24347826086956523, 0.7565217391304347]]","[0.375, 0.625]"
AGUJA PORT-A-SITE 22GX25MM,"[[15, 37], [37, 97]]","[[0.28846153846153844, 0.7115384615384616], [0.27611940298507465, 0.7238805970149254]]","[0.2795698925, 0.7204301075]"
ALEGORIA 0.05G/100ML C/18ML 140DOS SUNA,"[[1, 3], [3, 14]]","[[0.25, 0.75], [0.17647058823529413, 0.8235294117647058]]","[0.1904761905, 0.8095238095]"
ALNEX 1G/2ML C/2ML 3AMP SI,"[[172, 4], [4, 7]]","[[0.9772727272727273, 0.022727272727272728], [0.36363636363636365, 0.6363636363636364]]","[0.9411764706, 0.0588235294]"
ALNEX 2.5G/5ML C/50AMP SI,"[[178, 2], [2, 5]]","[[0.9888888888888889, 0.011111111111111112], [0.2857142857142857, 0.7142857142857143]]","[0.9625668449, 0.0374331551]"
AMFOTERICINA B 50MG C/1FAMP SI,"[[0, 1], [1, 3]]","[[0.0, 1.0], [0.25, 0.75]]","[0.2, 0.8]"
AMK 100 MG INY 1 AMP 2 ML TLJ,"[[43, 12], [12, 0]]","[[0.7818181818181819, 0.21818181818181817], [1.0, 0.0]]","[0.8208955224, 0.1791044776]"
AMK 100MG/2ML C/1AMP SI,"[[132, 16], [16, 23]]","[[0.8918918918918919, 0.10810810810810811], [0.41025641025641024, 0.5897435897435898]]","[0.7914438503, 0.2085561497]"
AMK 500 MG INY 1 AMP 2 ML TLJ,"[[92, 4], [4, 1]]","[[0.9583333333333334, 0.041666666666666664], [0.8, 0.2]]","[0.9504950495, 0.0495049505]"
AMK 500MG/2ML C/1AMP SI,"[[100, 12], [12, 62]]","[[0.8928571428571429, 0.10714285714285714], [0.16216216216216217, 0.8378378378378378]]","[0.6021505376, 0.3978494624]"
AMOFILIN 250MG/10ML C/10ML 50AMP SI,"[[71, 25], [25, 50]]","[[0.7395833333333334, 0.2604166666666667], [0.3333333333333333, 0.6666666666666666]]","[0.5614035088, 0.4385964912]"
AMOFILIN 250MG/10ML C/10ML 5AMP SI,"[[88, 24], [24, 43]]","[[0.7857142857142857, 0.21428571428571427], [0.3582089552238806, 0.6417910447761194]]","[0.625698324, 0.374301676]"
AMOFILIN 250MG/10ML C/50AMP SI NVO,"[[104, 9], [9, 0]]","[[0.9203539823008849, 0.07964601769911504], [1.0, 0.0]]","[0.9262295082, 0.0737704918]"
AMOXICLAV 500/125MG C/15TAB,"[[1, 3], [3, 74]]","[[0.25, 0.75], [0.03896103896103896, 0.961038961038961]]","[0.049382716, 0.950617284]"
AMOXICLAV BID 875/125MG C/14TAB,"[[1, 7], [7, 114]]","[[0.125, 0.875], [0.05785123966942149, 0.9421487603305785]]","[0.0620155039, 0.9379844961]"
AMOXICLAV PED 125/31.25MG/5ML 60ML SUOR,"[[0, 1], [1, 10]]","[[0.0, 1.0], [0.09090909090909091, 0.9090909090909091]]","[0.0833333333, 0.9166666667]"
ANGIOPOHL 1MG/ML C/50ML 1FAMP SI NVO,"[[75, 26], [26, 49]]","[[0.7425742574257426, 0.25742574257425743], [0.3466666666666667, 0.6533333333333333]]","[0.5738636364, 0.4261363636]"
ANTADONA 0.5MG/5ML C/1AMP SI,"[[6, 28], [28, 123]]","[[0.17647058823529413, 0.8235294117647058], [0.18543046357615894, 0.8145695364238411]]","[0.1837837838, 0.8162162162]"
ANTINFEX C/5L 1FCO,"[[90, 36], [36, 16]]","[[0.7142857142857143, 0.2857142857142857], [0.6923076923076923, 0.3076923076923077]]","[0.7078651685, 0.2921348315]"
ANTIVON 4MG/2ML C/2ML 1AMP SI,"[[47, 40], [40, 59]]","[[0.5402298850574713, 0.45977011494252873], [0.40404040404040403, 0.5959595959595959]]","[0.4677419355, 0.5322580645]"
ANTIVON 8MG/4ML C/1AMP SI NVO,"[[5, 13], [13, 91]]","[[0.2777777777777778, 0.7222222222222222], [0.125, 0.875]]","[0.1475409836, 0.8524590164]"
ANTIVON 8MG/4ML C/3AMP SI AVC2,"[[12, 22], [22, 32]]","[[0.35294117647058826, 0.6470588235294118], [0.4074074074074074, 0.5925925925925926]]","[0.3863636364, 0.6136363636]"
ANTIVON 8MG/4ML C/4ML 1AMP SI,"[[2, 5], [5, 31]]","[[0.2857142857142857, 0.7142857142857143], [0.1388888888888889, 0.8611111111111112]]","[0.1627906977, 0.8372093023]"
ANTIVON 8MG/4ML C/4ML 3AMP SI,"[[0, 1], [1, 3]]","[[0.0, 1.0], [0.25, 0.75]]","[0.2, 0.8]"
ANTIVON 8MG/4ML C/4ML 3AMP SI NVO,"[[11, 24], [24, 51]]","[[0.3142857142857143, 0.6857142857142857], [0.32, 0.68]]","[0.3181818182, 0.6818181818]"
ARTERINA 20UI/ML C/1ML 1FAMP SI,"[[97, 33], [33, 23]]","[[0.7461538461538462, 0.25384615384615383], [0.5892857142857143, 0.4107142857142857]]","[0.6989247312, 0.3010752688]"
ARZOMEBA 500/500MG C/1FAMP PLVO SI NVO,"[[1, 1], [1, 33]]","[[0.5, 0.5], [0.029411764705882353, 0.9705882352941176]]","[0.0555555556, 0.9444444444]"
ARZOMEBA 500/500MG C/1FAMP SI,"[[5, 10], [10, 37]]","[[0.3333333333333333, 0.6666666666666666], [0.2127659574468085, 0.7872340425531915]]","[0.2419354839, 0.7580645161]"
ARZOMEBA 500/500MG C/1FAMP SI KIT,"[[3, 8], [8, 44]]","[[0.2727272727272727, 0.7272727272727273], [0.15384615384615385, 0.8461538461538461]]","[0.1746031746, 0.8253968254]"
ATROPISA 1MG/ML C/1ML 50AMP SI,"[[27, 0], [0, 0]]","[[1.0, 0.0], [0, 0]]","[1.0, 0.0]"
BATA DESECHABLE NO REFORZADA ESTERIL,"[[0, 1], [1, 25]]","[[0.0, 1.0], [0.038461538461538464, 0.9615384615384616]]","[0.037037037, 0.962962963]"
BATA DESECHABLE REFORZADA ESTERIL EXGDE,"[[0, 3], [3, 34]]","[[0.0, 1.0], [0.08108108108108109, 0.918918918918919]]","[0.075, 0.925]"
BENSITRAK 2MG/ML C/10ML 1AMP SI,"[[4, 12], [12, 126]]","[[0.25, 0.75], [0.08695652173913043, 0.9130434782608695]]","[0.1038961039, 0.8961038961]"
BENSITRAK 2MG/ML C/2.5ML 1AMP SI,"[[4, 17], [17, 59]]","[[0.19047619047619047, 0.8095238095238095], [0.2236842105263158, 0.7763157894736842]]","[0.2164948454, 0.7835051546]"
BENSITRAK 2MG/ML C/5ML 1AMP SI,"[[8, 12], [12, 82]]","[[0.4, 0.6], [0.1276595744680851, 0.8723404255319149]]","[0.1754385965, 0.8245614035]"
BENSITRAK 2MG/ML C/5ML 1AMP SI NVO,"[[8, 9], [9, 16]]","[[0.47058823529411764, 0.5294117647058824], [0.36, 0.64]]","[0.4047619048, 0.5952380952]"
BEPLENOVAX C/1000ML 1FCO SI,"[[174, 5], [5, 3]]","[[0.9720670391061452, 0.027932960893854747], [0.625, 0.375]]","[0.9572192513, 0.0427807487]"
BEPLENOVAX C/500ML 1FCO SI,"[[169, 6], [6, 6]]","[[0.9657142857142857, 0.03428571428571429], [0.5, 0.5]]","[0.935828877, 0.064171123]"
BICARNAT 7.5% C/10ML 100AMP SI,"[[76, 32], [32, 46]]","[[0.7037037037037037, 0.2962962962962963], [0.41025641025641024, 0.5897435897435898]]","[0.5806451613, 0.4193548387]"
BICARNAT 7.5% C/10ML 100AMP SI NVO,"[[146, 1], [1, 0]]","[[0.9931972789115646, 0.006802721088435374], [1.0, 0.0]]","[0.9932432432, 0.0067567568]"
BICARNAT 7.5% C/50ML 1FAMP SI,"[[187, 0], [0, 0]]","[[1.0, 0.0], [0, 0]]","[1.0, 0.0]"
BILEVITE 8.20G/13.46G/100ML C/1FCO SI,"[[0, 1], [1, 14]]","[[0.0, 1.0], [0.06666666666666667, 0.9333333333333333]]","[0.0625, 0.9375]"
BIPODIAL 1:34 C/795G BOLSA POLVO,"[[26, 45], [45, 51]]","[[0.36619718309859156, 0.6338028169014085], [0.46875, 0.53125]]","[0.4251497006, 0.5748502994]"
BIPODIAL 1:35:83 C/851G SI,"[[33, 53], [53, 45]]","[[0.38372093023255816, 0.6162790697674418], [0.5408163265306123, 0.45918367346938777]]","[0.4673913043, 0.5326086957]"
BOLENTAX 20MG/0.2ML C/2JGA SISC,"[[21, 34], [34, 65]]","[[0.38181818181818183, 0.6181818181818182], [0.3434343434343434, 0.6565656565656566]]","[0.3571428571, 0.6428571429]"
BOLENTAX 40MG/0.4ML C/2JGA SISC,"[[57, 32], [32, 40]]","[[0.6404494382022472, 0.3595505617977528], [0.4444444444444444, 0.5555555555555556]]","[0.5527950311, 0.4472049689]"
BOLENTAX 60MG/0.6ML C/2JGA SISC,"[[37, 36], [36, 52]]","[[0.5068493150684932, 0.4931506849315068], [0.4090909090909091, 0.5909090909090909]]","[0.4534161491, 0.5465838509]"
BOLENTAX 80MG/0.8ML C/2JGA SISC,"[[2, 8], [8, 59]]","[[0.2, 0.8], [0.11940298507462686, 0.8805970149253731]]","[0.1298701299, 0.8701298701]"
BROMUREX 4MG/2ML C/2ML 50AMP,"[[8, 15], [15, 94]]","[[0.34782608695652173, 0.6521739130434783], [0.13761467889908258, 0.8623853211009175]]","[0.1742424242, 0.8257575758]"
BROSPINA 0.3MG/ML C/6AMP NVO,"[[17, 38], [38, 94]]","[[0.3090909090909091, 0.6909090909090909], [0.2878787878787879, 0.7121212121212122]]","[0.2941176471, 0.7058823529]"
BROSPINA 0.3MG/ML C/6AMP SI PI,"[[1, 2], [2, 33]]","[[0.3333333333333333, 0.6666666666666666], [0.05714285714285714, 0.9428571428571428]]","[0.0789473684, 0.9210526316]"
BUCOMICINA 100MG C/20CAP,"[[2, 20], [20, 117]]","[[0.09090909090909091, 0.9090909090909091], [0.145985401459854, 0.8540145985401459]]","[0.1383647799, 0.8616352201]"
BUFIGEN 10MG/1ML C/10ML 1FAMP SI,"[[11, 35], [35, 101]]","[[0.2391304347826087, 0.7608695652173914], [0.25735294117647056, 0.7426470588235294]]","[0.2527472527, 0.7472527473]"
BUFIGEN 10MG/1ML C/1ML 5AMP SI,"[[6, 4], [4, 8]]","[[0.6, 0.4], [0.3333333333333333, 0.6666666666666666]]","[0.4545454545, 0.5454545455]"
BUFIGEN 10MG/ML C/1ML 5AMP SI NVO,"[[11, 26], [26, 96]]","[[0.2972972972972973, 0.7027027027027027], [0.21311475409836064, 0.7868852459016393]]","[0.2327044025, 0.7672955975]"
BUVACAIN/EPINEF 150/0.15MG 30ML FAMP SI,"[[108, 25], [25, 29]]","[[0.8120300751879699, 0.18796992481203006], [0.46296296296296297, 0.5370370370370371]]","[0.7112299465, 0.2887700535]"
BUVACAINA 150MG/30ML C/30ML 1FAMP SI PI,"[[187, 0], [0, 0]]","[[1.0, 0.0], [0, 0]]","[1.0, 0.0]"
BUVACAINA 5MG/ML C/10ML 1AMP SI,"[[170, 6], [6, 5]]","[[0.9659090909090909, 0.03409090909090909], [0.5454545454545454, 0.45454545454545453]]","[0.9411764706, 0.0588235294]"
BUVACAINA 7.5MG/ML C/30ML 1FAMP SI,"[[179, 4], [4, 0]]","[[0.9781420765027322, 0.02185792349726776], [1.0, 0.0]]","[0.9786096257, 0.0213903743]"
BUVACAINA PESADA 15MG/165MG C/2ML 5AMP,"[[6, 13], [13, 99]]","[[0.3157894736842105, 0.6842105263157895], [0.11607142857142858, 0.8839285714285714]]","[0.1450381679, 0.8549618321]"
BUVACAINA PESADA 5MG/1ML C/3ML 5AMP SI,"[[181, 3], [3, 0]]","[[0.9836956521739131, 0.016304347826086956], [1.0, 0.0]]","[0.9839572193, 0.0160427807]"
CAMPO QUIRURGICO DESECHABLE ESTERIL C/4,"[[0, 7], [7, 27]]","[[0.0, 1.0], [0.20588235294117646, 0.7941176470588235]]","[0.1707317073, 0.8292682927]"
CAMPO QX DESECHABLE EST C/ADHESIVO C/4,"[[0, 6], [6, 36]]","[[0.0, 1.0], [0.14285714285714285, 0.8571428571428571]]","[0.125, 0.875]"
CAPIN BH 10MG C/10TAB,"[[0, 1], [1, 3]]","[[0.0, 1.0], [0.25, 0.75]]","[0.2, 0.8]"
CAPIN BH 20MG/ML C/1ML 3AMP SI,"[[2, 1], [1, 2]]","[[0.6666666666666666, 0.3333333333333333], [0.3333333333333333, 0.6666666666666666]]","[0.5, 0.5]"
CAPIN BH 20MG/ML C/1ML 3AMP SI NVO,"[[171, 5], [5, 6]]","[[0.9715909090909091, 0.028409090909090908], [0.45454545454545453, 0.5454545454545454]]","[0.9411764706, 0.0588235294]"
CATETER PERIFERICO DE SEGURIDAD 22G,"[[1, 0], [0, 0]]","[[1.0, 0.0], [0, 0]]","[1.0, 0.0]"
CEFALOTINA 1G C/1FAMP D/5ML SI STD,"[[9, 4], [4, 26]]","[[0.6923076923076923, 0.3076923076923077], [0.13333333333333333, 0.8666666666666667]]","[0.3023255814, 0.6976744186]"
CEFALOTINA 1G D/5ML C/1FAMP SI,"[[17, 16], [16, 38]]","[[0.5151515151515151, 0.48484848484848486], [0.2962962962962963, 0.7037037037037037]]","[0.3793103448, 0.6206896552]"
CEFAXONA 1G D/10ML C/1FAMP SIIV,"[[7, 12], [12, 124]]","[[0.3684210526315789, 0.631578947368421], [0.08823529411764706, 0.9117647058823529]]","[0.1225806452, 0.8774193548]"
CEFAXONA 1G D/3.5ML C/1FAMP SIIM,"[[1, 4], [4, 37]]","[[0.2, 0.8], [0.0975609756097561, 0.9024390243902439]]","[0.1086956522, 0.8913043478]"
CEFAXONA 500MG D/2ML C/1FAMP SIIM,"[[0, 1], [1, 41]]","[[0.0, 1.0], [0.023809523809523808, 0.9761904761904762]]","[0.023255814, 0.976744186]"
CEFAXONA 500MG D/5ML C/1FAMP SIIV,"[[1, 6], [6, 96]]","[[0.14285714285714285, 0.8571428571428571], [0.058823529411764705, 0.9411764705882353]]","[0.0642201835, 0.9357798165]"
CEFOTAXIMA 1G C/1FAMP D/4ML SIIV STD,"[[22, 9], [9, 11]]","[[0.7096774193548387, 0.2903225806451613], [0.45, 0.55]]","[0.6078431373, 0.3921568627]"
CEFOTAXIMA 1G D/4ML C/1FAMP SIIV,"[[96, 5], [5, 17]]","[[0.9504950495049505, 0.04950495049504951], [0.22727272727272727, 0.7727272727272727]]","[0.8211382114, 0.1788617886]"
CEFTAZIDIMA 1G D/3ML FAMP SI IV/IM GENEP,"[[6, 5], [5, 2]]","[[0.5454545454545454, 0.45454545454545453], [0.7142857142857143, 0.2857142857142857]]","[0.6111111111, 0.3888888889]"
CEFTRIAXONA 1G D/10ML C/1FAMP SIIV GE,"[[165, 8], [8, 6]]","[[0.953757225433526, 0.046242774566473986], [0.5714285714285714, 0.42857142857142855]]","[0.9251336898, 0.0748663102]"
CENOZOIC 4MG/5ML C/1FAMP SI,"[[1, 1], [1, 17]]","[[0.5, 0.5], [0.05555555555555555, 0.9444444444444444]]","[0.1, 0.9]"
CHEMO CLAVE FILTRO P/FCO O BSA CH-14,"[[0, 3], [3, 9]]","[[0.0, 1.0], [0.25, 0.75]]","[0.2, 0.8]"
CIPROBAC 200MG/100ML C/1FCO MINIOVAL SI,"[[1, 16], [16, 136]]","[[0.058823529411764705, 0.9411764705882353], [0.10526315789473684, 0.8947368421052632]]","[0.100591716, 0.899408284]"
CIPROBAC 400MG/200ML C/200ML SI,"[[162, 12], [12, 0]]","[[0.9310344827586207, 0.06896551724137931], [1.0, 0.0]]","[0.935483871, 0.064516129]"
CIPROFLOXACINO 200MG/100ML C/100ML SI,"[[155, 8], [8, 16]]","[[0.950920245398773, 0.049079754601226995], [0.3333333333333333, 0.6666666666666666]]","[0.871657754, 0.128342246]"
CIRCUITO ANEST ADULTO CORRUGADO 1.52M,"[[0, 3], [3, 1]]","[[0.0, 1.0], [0.75, 0.25]]","[0.4285714286, 0.5714285714]"
CIRTRENT 150MG/3ML C/3ML 6AMP SI,"[[146, 16], [16, 8]]","[[0.9012345679012346, 0.09876543209876543], [0.6666666666666666, 0.3333333333333333]]","[0.8709677419, 0.1290322581]"
CLAVE C/BAYONETA P/FCO O BSA C/VAL CHECK,"[[8, 27], [27, 122]]","[[0.22857142857142856, 0.7714285714285715], [0.18120805369127516, 0.8187919463087249]]","[0.1902173913, 0.8097826087]"
CLAVE C/BAYONETA P/VIAL C/VALVULA,"[[3, 18], [18, 145]]","[[0.14285714285714285, 0.8571428571428571], [0.11042944785276074, 0.8895705521472392]]","[0.1141304348, 0.8858695652]"
CLAVE CONECTOR NEUTRON,"[[3, 7], [7, 71]]","[[0.3, 0.7], [0.08974358974358974, 0.9102564102564102]]","[0.1136363636, 0.8863636364]"
CLONIXINATO LISINA 100MG/2ML C/5AMP SI,"[[70, 27], [27, 62]]","[[0.7216494845360825, 0.27835051546391754], [0.30337078651685395, 0.6966292134831461]]","[0.5215053763, 0.4784946237]"
CLORHEXI-CLEAN 0.12% C/30ML,"[[11, 20], [20, 132]]","[[0.3548387096774194, 0.6451612903225806], [0.13157894736842105, 0.868421052631579]]","[0.1693989071, 0.8306010929]"
CLORHEXI-CLEAN 0.12% C/30ML SPRAY,"[[0, 1], [1, 10]]","[[0.0, 1.0], [0.09090909090909091, 0.9090909090909091]]","[0.0833333333, 0.9166666667]"
CLORHEXI-CLEAN 0.12% C/60ML,"[[54, 42], [42, 40]]","[[0.5625, 0.4375], [0.5121951219512195, 0.4878048780487805]]","[0.5393258427, 0.4606741573]"
CLORHEXI-DERM 2% C/40ML,"[[0, 12], [12, 98]]","[[0.0, 1.0], [0.10909090909090909, 0.8909090909090909]]","[0.0983606557, 0.9016393443]"
CLORHEXI-GUM 0.12% C/250ML VASO DOSIF,"[[5, 24], [24, 127]]","[[0.1724137931034483, 0.8275862068965517], [0.15894039735099338, 0.8410596026490066]]","[0.1611111111, 0.8388888889]"
CLORHEXI-GUM 0.12% C/35ML SPRAY,"[[0, 4], [4, 30]]","[[0.0, 1.0], [0.11764705882352941, 0.8823529411764706]]","[0.1052631579, 0.8947368421]"
CLORHEXI-LAST 2% C/950ML,"[[8, 32], [32, 110]]","[[0.2, 0.8], [0.22535211267605634, 0.7746478873239436]]","[0.2197802198, 0.7802197802]"
CLORHEXI-RUB 0.5 % C/500ML,"[[0, 8], [8, 110]]","[[0.0, 1.0], [0.06779661016949153, 0.9322033898305084]]","[0.0634920635, 0.9365079365]"
CLORHEXI-RUB 0.5% C/60ML,"[[1, 4], [4, 89]]","[[0.2, 0.8], [0.043010752688172046, 0.956989247311828]]","[0.0510204082, 0.9489795918]"
CLORHEXI-RUB 0.5% DESECHABLE C/750ML,"[[0, 3], [3, 30]]","[[0.0, 1.0], [0.09090909090909091, 0.9090909090909091]]","[0.0833333333, 0.9166666667]"
CLORHEXI-WIPES 2% C/10TOALLA,"[[17, 40], [40, 87]]","[[0.2982456140350877, 0.7017543859649122], [0.31496062992125984, 0.6850393700787402]]","[0.3097826087, 0.6902173913]"
COMBESTERAL C/2AMP Y 1JGA,"[[0, 16], [16, 145]]","[[0.0, 1.0], [0.09937888198757763, 0.9006211180124224]]","[0.0903954802, 0.9096045198]"
COMBESTERAL C/6AMP Y 3JGA,"[[3, 17], [17, 120]]","[[0.15, 0.85], [0.12408759124087591, 0.8759124087591241]]","[0.127388535, 0.872611465]"
COMBINACION PI C/1000ML FLX SI,"[[149, 18], [18, 2]]","[[0.8922155688622755, 0.10778443113772455], [0.9, 0.1]]","[0.8930481283, 0.1069518717]"
COMBINACION PI C/500ML 1FCO FLX,"[[79, 22], [22, 12]]","[[0.7821782178217822, 0.21782178217821782], [0.6470588235294118, 0.35294117647058826]]","[0.7481481481, 0.2518518519]"
COMBINACION RUBIN CALCAGNO 500ML FLX SI,"[[11, 18], [18, 78]]","[[0.3793103448275862, 0.6206896551724138], [0.1875, 0.8125]]","[0.232, 0.768]"
COMPRESA 15X15CM BLISTER C/5,"[[0, 3], [3, 49]]","[[0.0, 1.0], [0.057692307692307696, 0.9423076923076923]]","[0.0545454545, 0.9454545455]"
COMPRESA VIEN 45X70CM T20X24 N/EST C/6,"[[38, 38], [38, 72]]","[[0.5, 0.5], [0.34545454545454546, 0.6545454545454545]]","[0.4086021505, 0.5913978495]"
COMPRESA VIEN PREL 45X70CM T20X24 E C/1,"[[0, 10], [10, 159]]","[[0.0, 1.0], [0.05917159763313609, 0.9408284023668639]]","[0.0558659218, 0.9441340782]"
COMPRESA VIEN PREL 45X70CM T20X24 E C/5,"[[115, 32], [32, 7]]","[[0.782312925170068, 0.21768707482993196], [0.8205128205128205, 0.1794871794871795]]","[0.7903225806, 0.2096774194]"
COMPRESA VIEN PREL 45X70CM T28X24 E C/5,"[[2, 20], [20, 132]]","[[0.09090909090909091, 0.9090909090909091], [0.13157894736842105, 0.868421052631579]]","[0.1264367816, 0.8735632184]"
COMPRESA VIENTR PRELA 45X45 T20X24C5 EST,"[[12, 47], [47, 79]]","[[0.2033898305084746, 0.7966101694915254], [0.373015873015873, 0.626984126984127]]","[0.3189189189, 0.6810810811]"
COMPRESA VIENTRE 45X70CM T28X24 EST C/2,"[[15, 37], [37, 93]]","[[0.28846153846153844, 0.7115384615384616], [0.2846153846153846, 0.7153846153846154]]","[0.2857142857, 0.7142857143]"
COMPRESA VIENTRE 45X70CM T28X24 EST C/5,"[[119, 30], [30, 6]]","[[0.7986577181208053, 0.20134228187919462], [0.8333333333333334, 0.16666666666666666]]","[0.8054054054, 0.1945945946]"
CONECTOR DP PISA,"[[47, 32], [32, 73]]","[[0.5949367088607594, 0.4050632911392405], [0.3047619047619048, 0.6952380952380952]]","[0.4293478261, 0.5706521739]"
CONECTOR TEGO P/HEMODIALISIS S/AGUJA,"[[3, 34], [34, 113]]","[[0.08108108108108109, 0.918918918918919], [0.23129251700680273, 0.7687074829931972]]","[0.2010869565, 0.7989130435]"
CROMIFUSIN 4McG/ML C/10ML 5FAMP SI,"[[1, 21], [21, 81]]","[[0.045454545454545456, 0.9545454545454546], [0.20588235294117646, 0.7941176470588235]]","[0.1774193548, 0.8225806452]"
CUSTODIOL 1000ML C/1BOLSA,"[[6, 25], [25, 131]]","[[0.1935483870967742, 0.8064516129032258], [0.16025641025641027, 0.8397435897435898]]","[0.1657754011, 0.8342245989]"
DARDAREN 1MG C/30TAB,"[[0, 6], [6, 72]]","[[0.0, 1.0], [0.07692307692307693, 0.9230769230769231]]","[0.0714285714, 0.9285714286]"
DECOREX 4MG C/10TAB,"[[0, 1], [1, 16]]","[[0.0, 1.0], [0.058823529411764705, 0.9411764705882353]]","[0.0555555556, 0.9444444444]"
DECOREX 6MG C/10TAB,"[[0, 2], [2, 70]]","[[0.0, 1.0], [0.027777777777777776, 0.9722222222222222]]","[0.027027027, 0.972972973]"
DECOREX 8MG/2ML C/2ML 1AMP SI,"[[169, 5], [5, 8]]","[[0.9712643678160919, 0.028735632183908046], [0.38461538461538464, 0.6153846153846154]]","[0.9304812834, 0.0695187166]"
DICLOFENACO 75MG/3ML C/2AMP SI GENEPISA,"[[152, 13], [13, 9]]","[[0.9212121212121213, 0.07878787878787878], [0.5909090909090909, 0.4090909090909091]]","[0.8823529412, 0.1176470588]"
DICLOPISA 75MG/3ML C/3ML 2AMP SI,"[[3, 11], [11, 69]]","[[0.21428571428571427, 0.7857142857142857], [0.1375, 0.8625]]","[0.1489361702, 0.8510638298]"
DIGOXINA 500McG/2ML C/6AMP SI,"[[112, 12], [12, 4]]","[[0.9032258064516129, 0.0967741935483871], [0.75, 0.25]]","[0.8857142857, 0.1142857143]"
DINITRATO ISOSORBIDA 1MG/ML C/100ML SI,"[[0, 2], [2, 2]]","[[0.0, 1.0], [0.5, 0.5]]","[0.3333333333, 0.6666666667]"
DOBUJECT 250MG/5ML C/5ML 5AMP SI,"[[69, 15], [15, 32]]","[[0.8214285714285714, 0.17857142857142858], [0.3191489361702128, 0.6808510638297872]]","[0.641221374, 0.358778626]"
DOBUTAMINA 250MG/20ML C/1FAMP SI,"[[93, 29], [29, 29]]","[[0.7622950819672131, 0.23770491803278687], [0.5, 0.5]]","[0.6777777778, 0.3222222222]"
EFE-CARN 1G/5ML C/5ML 5AMP SI VP,"[[28, 47], [47, 62]]","[[0.37333333333333335, 0.6266666666666667], [0.43119266055045874, 0.5688073394495413]]","[0.4076086957, 0.5923913043]"
ELECTROLIT COCO C/1150ML 1FCO SOOR,"[[2, 0], [0, 0]]","[[1.0, 0.0], [0, 0]]","[1.0, 0.0]"
ELECTROLIT COCO C/625ML 1FCO PLAS SOOR,"[[37, 37], [37, 75]]","[[0.5, 0.5], [0.33035714285714285, 0.6696428571428571]]","[0.3978494624, 0.6021505376]"
ELECTROLIT FRESA C/1150ML 1FCO SOOR,"[[2, 2], [2, 5]]","[[0.5, 0.5], [0.2857142857142857, 0.7142857142857143]]","[0.3636363636, 0.6363636364]"
ELECTROLIT FRESA C/625ML 1FCO PLAS SOOR,"[[42, 41], [41, 62]]","[[0.5060240963855421, 0.4939759036144578], [0.39805825242718446, 0.6019417475728155]]","[0.4462365591, 0.5537634409]"
ELECTROLIT FRESA/KIWI C/625ML 1FCO SOOR,"[[24, 32], [32, 97]]","[[0.42857142857142855, 0.5714285714285714], [0.24806201550387597, 0.751937984496124]]","[0.3027027027, 0.6972972973]"
ELECTROLIT LIMA/LIMON C/625ML 1FCO SOOR,"[[27, 34], [34, 89]]","[[0.4426229508196721, 0.5573770491803278], [0.2764227642276423, 0.7235772357723578]]","[0.3315217391, 0.6684782609]"
ELECTROLIT MANZANA C/1150ML 1FCO SOOR,"[[2, 1], [1, 5]]","[[0.6666666666666666, 0.3333333333333333], [0.16666666666666666, 0.8333333333333334]]","[0.3333333333, 0.6666666667]"
ELECTROLIT MANZANA C/625ML FCO PLAS SOOR,"[[40, 40], [40, 67]]","[[0.5, 0.5], [0.37383177570093457, 0.6261682242990654]]","[0.4278074866, 0.5721925134]"
ELECTROLIT MORA AZUL C/625ML 1FCO SOOR,"[[7, 6], [6, 55]]","[[0.5384615384615384, 0.46153846153846156], [0.09836065573770492, 0.9016393442622951]]","[0.1756756757, 0.8243243243]"
ELECTROLIT NARAN-MANDARI C/625ML SOOR,"[[19, 15], [15, 34]]","[[0.5588235294117647, 0.4411764705882353], [0.30612244897959184, 0.6938775510204082]]","[0.4096385542, 0.5903614458]"
ELECTROLIT PED FRESA 500ML FCO PLAS SOOR,"[[4, 16], [16, 57]]","[[0.2, 0.8], [0.2191780821917808, 0.7808219178082192]]","[0.2150537634, 0.7849462366]"
ELECTROLIT PED FRESA C/500ML NVO ENVASE,"[[2, 8], [8, 63]]","[[0.2, 0.8], [0.11267605633802817, 0.8873239436619719]]","[0.1234567901, 0.8765432099]"
ELECTROLIT PED MANZANA 500ML NVO ENVASE,"[[2, 10], [10, 69]]","[[0.16666666666666666, 0.8333333333333334], [0.12658227848101267, 0.8734177215189873]]","[0.1318681319, 0.8681318681]"
ELECTROLIT PED MANZANA C/500ML 1FCO SOOR,"[[5, 18], [18, 37]]","[[0.21739130434782608, 0.782608695652174], [0.32727272727272727, 0.6727272727272727]]","[0.2948717949, 0.7051282051]"
ELECTROLIT PED UVA 300ML SOOR NVO ENV,"[[0, 5], [5, 16]]","[[0.0, 1.0], [0.23809523809523808, 0.7619047619047619]]","[0.1923076923, 0.8076923077]"
ELECTROLIT PED UVA C/500ML FCO PLAS SOOR,"[[3, 17], [17, 46]]","[[0.15, 0.85], [0.2698412698412698, 0.7301587301587301]]","[0.2409638554, 0.7590361446]"
ELECTROLIT PED UVA C/500ML NVO ENVASE,"[[0, 10], [10, 71]]","[[0.0, 1.0], [0.12345679012345678, 0.8765432098765432]]","[0.1098901099, 0.8901098901]"
ELECTROLIT PIÃ‘A C/625ML 1FCO PLAS SOOR,"[[4, 17], [17, 41]]","[[0.19047619047619047, 0.8095238095238095], [0.29310344827586204, 0.7068965517241379]]","[0.2658227848, 0.7341772152]"
ELECTROLIT UVA C/625ML 1FCO PLAS SOOR,"[[17, 39], [39, 91]]","[[0.30357142857142855, 0.6964285714285714], [0.3, 0.7]]","[0.3010752688, 0.6989247312]"
ENDATAL 20MG/10ML C/5AMP SI PISA,"[[4, 14], [14, 87]]","[[0.2222222222222222, 0.7777777777777778], [0.13861386138613863, 0.8613861386138614]]","[0.1512605042, 0.8487394958]"
ENDOZIME AW PLUS CON APA 4000 ML,"[[59, 18], [18, 15]]","[[0.7662337662337663, 0.23376623376623376], [0.5454545454545454, 0.45454545454545453]]","[0.7, 0.3]"
ENDOZIME AW PLUS CON APA BG LAV GAL C/4L,"[[39, 29], [29, 27]]","[[0.5735294117647058, 0.4264705882352941], [0.5178571428571429, 0.48214285714285715]]","[0.5483870968, 0.4516129032]"
ENDOZIME AW PLUS GALON 4000ML,"[[56, 4], [4, 5]]","[[0.9333333333333333, 0.06666666666666667], [0.4444444444444444, 0.5555555555555556]]","[0.8695652174, 0.1304347826]"
ENEBAG BOLSA P/ENEMAS,"[[167, 6], [6, 8]]","[[0.9653179190751445, 0.03468208092485549], [0.42857142857142855, 0.5714285714285714]]","[0.9251336898, 0.0748663102]"
ENTEROBAG B BOLSA 1000ML P/BOMBA INF,"[[38, 45], [45, 58]]","[[0.4578313253012048, 0.5421686746987951], [0.4368932038834951, 0.5631067961165048]]","[0.4462365591, 0.5537634409]"
ENTEROBAG B BOLSA 1500ML P/BOMBA INF,"[[66, 46], [46, 28]]","[[0.5892857142857143, 0.4107142857142857], [0.6216216216216216, 0.3783783783783784]]","[0.6021505376, 0.3978494624]"
ENTEROBAG B BOLSA 500ML P/BOMBA D/INF,"[[123, 20], [20, 24]]","[[0.8601398601398601, 0.13986013986013987], [0.45454545454545453, 0.5454545454545454]]","[0.7647058824, 0.2352941176]"
ENTEROBAG BOMEDI 1000ML B,"[[4, 13], [13, 48]]","[[0.23529411764705882, 0.7647058823529411], [0.21311475409836064, 0.7868852459016393]]","[0.2179487179, 0.7820512821]"
ENTEROBAG BOMEDI 500ML B,"[[0, 2], [2, 32]]","[[0.0, 1.0], [0.058823529411764705, 0.9411764705882353]]","[0.0555555556, 0.9444444444]"
EPICLODINA 0.15MG/ML C/1ML 5AMP SI,"[[31, 31], [31, 91]]","[[0.5, 0.5], [0.2540983606557377, 0.7459016393442623]]","[0.3369565217, 0.6630434783]"
EQUIPO DP ADTO 2 COJINETES,"[[39, 49], [49, 47]]","[[0.4431818181818182, 0.5568181818181818], [0.5104166666666666, 0.4895833333333333]]","[0.4782608696, 0.5217391304]"
EQUIPO DP COLA COCHINO ADULTO,"[[48, 39], [39, 59]]","[[0.5517241379310345, 0.4482758620689655], [0.3979591836734694, 0.6020408163265306]]","[0.4702702703, 0.5297297297]"
EQUIPO DP COLA COCHINO PEDIATRICO,"[[0, 1], [1, 36]]","[[0.0, 1.0], [0.02702702702702703, 0.972972972972973]]","[0.0263157895, 0.9736842105]"
EQUIPO DP INFANTIL 2 COJINETES PISA,"[[0, 3], [3, 47]]","[[0.0, 1.0], [0.06, 0.94]]","[0.0566037736, 0.9433962264]"
EQUIPO FLEBOTEK C/MICROGOTERO P/BOMBA,"[[1, 6], [6, 131]]","[[0.14285714285714285, 0.8571428571428571], [0.043795620437956206, 0.9562043795620438]]","[0.0486111111, 0.9513888889]"
EQUIPO INFUSOMAT SPACE ESTANDAR NVO,"[[1, 2], [2, 13]]","[[0.3333333333333333, 0.6666666666666666], [0.13333333333333333, 0.8666666666666667]]","[0.1666666667, 0.8333333333]"
ERGOMETRINA 0.2MG/ML C/1ML 50AMP SI,"[[18, 41], [41, 86]]","[[0.3050847457627119, 0.6949152542372882], [0.3228346456692913, 0.6771653543307087]]","[0.3172043011, 0.6827956989]"
ESP GASA 20X10CM 24C RT20X12 N/E C/50,"[[1, 12], [12, 140]]","[[0.07692307692307693, 0.9230769230769231], [0.07894736842105263, 0.9210526315789473]]","[0.0787878788, 0.9212121212]"
ESPON/GASA 10X10CM 12CR T20X12 EST C/10,"[[116, 29], [29, 11]]","[[0.8, 0.2], [0.725, 0.275]]","[0.7837837838, 0.2162162162]"
ESPONJA GASA 10X10CM 12C R T28X24 E C/5,"[[30, 46], [46, 63]]","[[0.39473684210526316, 0.6052631578947368], [0.42201834862385323, 0.5779816513761468]]","[0.4108108108, 0.5891891892]"
ESPONJA GASA 10X10CM 12C RT28X24 E C/10,"[[51, 48], [48, 37]]","[[0.5151515151515151, 0.48484848484848486], [0.5647058823529412, 0.43529411764705883]]","[0.5380434783, 0.4619565217]"
ESPONJA GASA 10X10CM 12C T28X24 E C/10,"[[134, 25], [25, 3]]","[[0.8427672955974843, 0.15723270440251572], [0.8928571428571429, 0.10714285714285714]]","[0.8502673797, 0.1497326203]"
ESPONJA GASA 10X10CM 12C T28X24 E C/5,"[[70, 37], [37, 41]]","[[0.6542056074766355, 0.34579439252336447], [0.47435897435897434, 0.5256410256410257]]","[0.5783783784, 0.4216216216]"
ESPONJA GASA 10X10CM 32C T28X24 EST C/1,"[[29, 39], [39, 73]]","[[0.4264705882352941, 0.5735294117647058], [0.3482142857142857, 0.6517857142857143]]","[0.3777777778, 0.6222222222]"
ESPONJA GASA 10X10CM R T20X12 N/E C/200,"[[45, 43], [43, 55]]","[[0.5113636363636364, 0.48863636363636365], [0.4387755102040816, 0.5612244897959183]]","[0.4731182796, 0.5268817204]"
ESPONJA GASA 10X10CM T20X12 EST C/5,"[[171, 7], [7, 1]]","[[0.9606741573033708, 0.03932584269662921], [0.875, 0.125]]","[0.9569892473, 0.0430107527]"
ESPONJA GASA 10X10CM T28X24 N/E C/100,"[[1, 5], [5, 58]]","[[0.16666666666666666, 0.8333333333333334], [0.07936507936507936, 0.9206349206349206]]","[0.0869565217, 0.9130434783]"
ESPONJA GASA 7.5X5CM 12C T20X12 EST C/5,"[[132, 23], [23, 9]]","[[0.8516129032258064, 0.14838709677419354], [0.71875, 0.28125]]","[0.8288770053, 0.1711229947]"
ESPONJA GASA 7.5X5CM 12CR T20X12 EST C/5,"[[1, 7], [7, 88]]","[[0.125, 0.875], [0.07368421052631578, 0.9263157894736842]]","[0.0776699029, 0.9223300971]"
ESPONJA GASA 7.5X5CM T20X12 N/E C/200,"[[42, 44], [44, 56]]","[[0.4883720930232558, 0.5116279069767442], [0.44, 0.56]]","[0.4623655914, 0.5376344086]"
EXETIN-A 2000UI D/1ML C/6FAMP SI,"[[44, 20], [20, 102]]","[[0.6875, 0.3125], [0.16393442622950818, 0.8360655737704918]]","[0.3440860215, 0.6559139785]"
EXETIN-A 4000UI D/1ML C/6FAMP SI,"[[47, 27], [27, 80]]","[[0.6351351351351351, 0.36486486486486486], [0.2523364485981308, 0.7476635514018691]]","[0.408839779, 0.591160221]"
EXSEPT 10% SPRAY SOL ANTISEP 200ML,"[[54, 45], [45, 40]]","[[0.5454545454545454, 0.45454545454545453], [0.5294117647058824, 0.47058823529411764]]","[0.5380434783, 0.4619565217]"
EXSEPT 100% C/250ML,"[[23, 30], [30, 31]]","[[0.4339622641509434, 0.5660377358490566], [0.4918032786885246, 0.5081967213114754]]","[0.4649122807, 0.5350877193]"
EXSEPT 100% C/5000ML,"[[11, 20], [20, 45]]","[[0.3548387096774194, 0.6451612903225806], [0.3076923076923077, 0.6923076923076923]]","[0.3229166667, 0.6770833333]"
EXSEPT 100% C/500ML,"[[99, 7], [7, 8]]","[[0.9339622641509434, 0.0660377358490566], [0.4666666666666667, 0.5333333333333333]]","[0.8760330579, 0.1239669421]"
EXSEPT 50% SOL ANTISEP 500ML,"[[43, 43], [43, 55]]","[[0.5, 0.5], [0.4387755102040816, 0.5612244897959183]]","[0.4673913043, 0.5326086957]"
EXSEPT 50% SPRAY SOL ANTISEP 200ML,"[[92, 40], [40, 14]]","[[0.696969696969697, 0.30303030303030304], [0.7407407407407407, 0.25925925925925924]]","[0.7096774194, 0.2903225806]"
EXT PERFU-LINE 150CM,"[[81, 41], [41, 11]]","[[0.6639344262295082, 0.3360655737704918], [0.7884615384615384, 0.21153846153846154]]","[0.7011494253, 0.2988505747]"
EXTENSION 150CM PERFU LINE MICRO,"[[2, 13], [13, 124]]","[[0.13333333333333333, 0.8666666666666667], [0.0948905109489051, 0.9051094890510949]]","[0.0986842105, 0.9013157895]"
EXTENSION 15CM PERFU LINE MICRO,"[[0, 3], [3, 99]]","[[0.0, 1.0], [0.029411764705882353, 0.9705882352941176]]","[0.0285714286, 0.9714285714]"
EXTENSION 75CM PERFU-LINE,"[[8, 25], [25, 107]]","[[0.24242424242424243, 0.7575757575757576], [0.1893939393939394, 0.8106060606060606]]","[0.2, 0.8]"
EXTENSION 90CM PERFU LINE MICRO,"[[3, 23], [23, 120]]","[[0.11538461538461539, 0.8846153846153846], [0.16083916083916083, 0.8391608391608392]]","[0.1538461538, 0.8461538462]"
FACTS 650ML CON ATOMIZADOR,"[[1, 6], [6, 23]]","[[0.14285714285714285, 0.8571428571428571], [0.20689655172413793, 0.7931034482758621]]","[0.1944444444, 0.8055555556]"
FALOT 1G C/1FAMP PLVO P/SI NVO,"[[34, 15], [15, 50]]","[[0.6938775510204082, 0.30612244897959184], [0.23076923076923078, 0.7692307692307693]]","[0.4298245614, 0.5701754386]"
FALOT 1G D/5ML C/1FAMP POLVO SI,"[[55, 3], [3, 18]]","[[0.9482758620689655, 0.05172413793103448], [0.14285714285714285, 0.8571428571428571]]","[0.7341772152, 0.2658227848]"
FENATEN 250MG/5ML C/5ML 1AMP SI PI,"[[178, 2], [2, 5]]","[[0.9888888888888889, 0.011111111111111112], [0.2857142857142857, 0.7142857142857143]]","[0.9625668449, 0.0374331551]"
FENODID 0.5MG/10ML C/6AMP SI PI,"[[1, 4], [4, 22]]","[[0.2, 0.8], [0.15384615384615385, 0.8461538461538461]]","[0.1612903226, 0.8387096774]"
FERROIN 100MG/2ML C/3AMP SI,"[[113, 29], [29, 15]]","[[0.795774647887324, 0.20422535211267606], [0.6590909090909091, 0.3409090909090909]]","[0.7634408602, 0.2365591398]"
FILTRO BAJO FLUJO DIAPES UP BLS517SD NVO,"[[0, 1], [1, 5]]","[[0.0, 1.0], [0.16666666666666666, 0.8333333333333334]]","[0.1428571429, 0.8571428571]"
FISTULA AV BIOSAFE HD 16G C/2,"[[0, 5], [5, 31]]","[[0.0, 1.0], [0.1388888888888889, 0.8611111111111112]]","[0.1219512195, 0.8780487805]"
FLEBOTEK 0-100 BURETA 100ML EQ VENOCL,"[[183, 2], [2, 0]]","[[0.9891891891891892, 0.010810810810810811], [1.0, 0.0]]","[0.9893048128, 0.0106951872]"
FLEBOTEK 0-100 CON CLAVE,"[[3, 5], [5, 91]]","[[0.375, 0.625], [0.052083333333333336, 0.9479166666666666]]","[0.0769230769, 0.9230769231]"
FLEBOTEK 0-100 NB,"[[28, 45], [45, 61]]","[[0.3835616438356164, 0.6164383561643836], [0.42452830188679247, 0.5754716981132075]]","[0.4078212291, 0.5921787709]"
FLEBOTEK 0-150 BURETA 150ML EQ VENOCL,"[[164, 8], [8, 7]]","[[0.9534883720930233, 0.046511627906976744], [0.5333333333333333, 0.4666666666666667]]","[0.9197860963, 0.0802139037]"
FLEBOTEK 0-150 CON CLAVE PARA BOMBA,"[[3, 22], [22, 124]]","[[0.12, 0.88], [0.1506849315068493, 0.8493150684931506]]","[0.1461988304, 0.8538011696]"
FLEBOTEK 0-150 PARA BOMBA,"[[28, 41], [41, 73]]","[[0.4057971014492754, 0.5942028985507246], [0.35964912280701755, 0.6403508771929824]]","[0.3770491803, 0.6229508197]"
FLEBOTEK 0-150 PARA BOMBA C/MICROGOTERO,"[[3, 5], [5, 81]]","[[0.375, 0.625], [0.05813953488372093, 0.9418604651162791]]","[0.085106383, 0.914893617]"
FLEBOTEK BOMEDI LIBRE DE AGUJA,"[[1, 7], [7, 69]]","[[0.125, 0.875], [0.09210526315789473, 0.9078947368421053]]","[0.0952380952, 0.9047619048]"
FLEBOTEK BOMEDI SANGRE,"[[1, 3], [3, 69]]","[[0.25, 0.75], [0.041666666666666664, 0.9583333333333334]]","[0.0526315789, 0.9473684211]"
FLEBOTEK CON AGUJA EQ VENOCLISIS,"[[175, 5], [5, 2]]","[[0.9722222222222222, 0.027777777777777776], [0.7142857142857143, 0.2857142857142857]]","[0.9625668449, 0.0374331551]"
FLEBOTEK CON CLAVE PARA BOMBA,"[[54, 46], [46, 38]]","[[0.54, 0.46], [0.5476190476190477, 0.4523809523809524]]","[0.5434782609, 0.4565217391]"
FLEBOTEK ENTERAL PARA BOMBA,"[[1, 9], [9, 93]]","[[0.1, 0.9], [0.08823529411764706, 0.9117647058823529]]","[0.0892857143, 0.9107142857]"
FLEBOTEK FLEXIBLE P/MEDIR PVC,"[[1, 1], [1, 38]]","[[0.5, 0.5], [0.02564102564102564, 0.9743589743589743]]","[0.0487804878, 0.9512195122]"
FLEBOTEK LIBRE DE PVC,"[[3, 11], [11, 26]]","[[0.21428571428571427, 0.7857142857142857], [0.2972972972972973, 0.7027027027027027]]","[0.2745098039, 0.7254901961]"
FLEBOTEK MICROGOTERO EQ VENOCLISIS,"[[180, 3], [3, 1]]","[[0.9836065573770492, 0.01639344262295082], [0.75, 0.25]]","[0.9786096257, 0.0213903743]"
FLEBOTEK NB,"[[71, 40], [40, 31]]","[[0.6396396396396397, 0.36036036036036034], [0.5633802816901409, 0.43661971830985913]]","[0.6098901099, 0.3901098901]"
FLEBOTEK OPACO PARA BOMBA,"[[75, 33], [33, 45]]","[[0.6944444444444444, 0.3055555555555556], [0.4230769230769231, 0.5769230769230769]]","[0.5806451613, 0.4193548387]"
FLEBOTEK OPACO PARA BOMBA AMBAR,"[[2, 6], [6, 28]]","[[0.25, 0.75], [0.17647058823529413, 0.8235294117647058]]","[0.1904761905, 0.8095238095]"
FLEBOTEK P/MEDIR PVC,"[[15, 37], [37, 96]]","[[0.28846153846153844, 0.7115384615384616], [0.2781954887218045, 0.7218045112781954]]","[0.2810810811, 0.7189189189]"
FLEBOTEK PARA BOMBA,"[[169, 5], [5, 7]]","[[0.9712643678160919, 0.028735632183908046], [0.4166666666666667, 0.5833333333333334]]","[0.935483871, 0.064516129]"
FLEBOTEK PARA BOMBA LIBRE DE PVC,"[[2, 4], [4, 62]]","[[0.3333333333333333, 0.6666666666666666], [0.06060606060606061, 0.9393939393939394]]","[0.0833333333, 0.9166666667]"
FLEBOTEK QUIRURGICO CON CLAVE,"[[114, 31], [31, 10]]","[[0.7862068965517242, 0.21379310344827587], [0.7560975609756098, 0.24390243902439024]]","[0.7795698925, 0.2204301075]"
FLEBOTEK QUIRURGICO EQ VENOCLISIS,"[[181, 3], [3, 0]]","[[0.9836956521739131, 0.016304347826086956], [1.0, 0.0]]","[0.9839572193, 0.0160427807]"
FLEBOTEK QUIRURGICO NB CON CLAVE,"[[21, 28], [28, 106]]","[[0.42857142857142855, 0.5714285714285714], [0.208955223880597, 0.7910447761194029]]","[0.2677595628, 0.7322404372]"
FLEBOTEK QUIRURGICO NB EQ VENOCLISIS,"[[171, 8], [8, 0]]","[[0.9553072625698324, 0.0446927374301676], [1.0, 0.0]]","[0.9572192513, 0.0427807487]"
FLEBOTEK QUIRURGICO NB P/ANESTESIA,"[[7, 31], [31, 118]]","[[0.18421052631578946, 0.8157894736842105], [0.2080536912751678, 0.7919463087248322]]","[0.2032085561, 0.7967914439]"
FLEBOTEK S/AGUJA,"[[183, 2], [2, 0]]","[[0.9891891891891892, 0.010810810810810811], [1.0, 0.0]]","[0.9893048128, 0.0106951872]"
FLOVAC BOLSA DESECH 2L C/1,"[[0, 7], [7, 142]]","[[0.0, 1.0], [0.04697986577181208, 0.9530201342281879]]","[0.0448717949, 0.9551282051]"
FLOVAC BOLSA DESECH 3L C/1,"[[0, 6], [6, 37]]","[[0.0, 1.0], [0.13953488372093023, 0.8604651162790697]]","[0.1224489796, 0.8775510204]"
FLOVES 100MG/100ML C/250ML 1FCO SO,"[[12, 25], [25, 104]]","[[0.32432432432432434, 0.6756756756756757], [0.1937984496124031, 0.8062015503875969]]","[0.2228915663, 0.7771084337]"
FLUCONAZOL 2MG/ML 50ML FCO VIDRIO SI ZI,"[[26, 36], [36, 86]]","[[0.41935483870967744, 0.5806451612903226], [0.29508196721311475, 0.7049180327868853]]","[0.3369565217, 0.6630434783]"
FLUCOXAN 100MG C/10CAP,"[[0, 1], [1, 30]]","[[0.0, 1.0], [0.03225806451612903, 0.967741935483871]]","[0.03125, 0.96875]"
FLUCOXAN 2MG/ML C/50ML FCO VIDRIO SI ZI,"[[0, 6], [6, 102]]","[[0.0, 1.0], [0.05555555555555555, 0.9444444444444444]]","[0.0526315789, 0.9473684211]"
FLUMAZENIL 0.5MG/5ML C/5ML 1AMP SI,"[[12, 26], [26, 100]]","[[0.3157894736842105, 0.6842105263157895], [0.20634920634920634, 0.7936507936507936]]","[0.2317073171, 0.7682926829]"
FLUONING 500MG/100ML C/100ML FLX SI,"[[49, 39], [39, 56]]","[[0.5568181818181818, 0.4431818181818182], [0.4105263157894737, 0.5894736842105263]]","[0.4808743169, 0.5191256831]"
FLUONING 750MG/150ML C/150ML FLX SI,"[[90, 41], [41, 15]]","[[0.6870229007633588, 0.31297709923664124], [0.7321428571428571, 0.26785714285714285]]","[0.7005347594, 0.2994652406]"
FOE SOLUCION RECIPIENTE PLAS C/4OZ,"[[0, 1], [1, 11]]","[[0.0, 1.0], [0.08333333333333333, 0.9166666666666666]]","[0.0769230769, 0.9230769231]"
FOTEXINA 1G D/4ML C/1FAMP SIIM,"[[0, 2], [2, 47]]","[[0.0, 1.0], [0.04081632653061224, 0.9591836734693877]]","[0.0392156863, 0.9607843137]"
FOTEXINA 1G D/4ML C/1FAMP SIIV,"[[28, 34], [34, 73]]","[[0.45161290322580644, 0.5483870967741935], [0.3177570093457944, 0.6822429906542056]]","[0.3668639053, 0.6331360947]"
FOTEXINA 500MG D/2ML C/1FAMP SIIM,"[[2, 2], [2, 41]]","[[0.5, 0.5], [0.046511627906976744, 0.9534883720930233]]","[0.085106383, 0.914893617]"
FOTEXINA 500MG D/2ML C/1FAMP SIIV,"[[6, 6], [6, 39]]","[[0.5, 0.5], [0.13333333333333333, 0.8666666666666667]]","[0.2105263158, 0.7894736842]"
FRISOLAC 1 70ML C/24 FRASCOS PLAS C43,"[[0, 1], [1, 21]]","[[0.0, 1.0], [0.045454545454545456, 0.9545454545454546]]","[0.0434782609, 0.9565217391]"
FRISOLAC GOLD 1 400G HOSP NVO,"[[6, 16], [16, 25]]","[[0.2727272727272727, 0.7272727272727273], [0.3902439024390244, 0.6097560975609756]]","[0.3492063492, 0.6507936508]"
FRISOLAC GOLD 1 90ML C/24FCO PLAS NVO,"[[0, 3], [3, 12]]","[[0.0, 1.0], [0.2, 0.8]]","[0.1666666667, 0.8333333333]"
FRISOLAC GOLD COMFORT AR400G CH43 VTAHSP,"[[0, 9], [9, 37]]","[[0.0, 1.0], [0.1956521739130435, 0.8043478260869565]]","[0.1636363636, 0.8363636364]"
FRISOLAC GOLDCOMFORT MULTIO400G VTAHP 43,"[[1, 10], [10, 34]]","[[0.09090909090909091, 0.9090909090909091], [0.22727272727272727, 0.7727272727272727]]","[0.2, 0.8]"
FUCEROX 750MG D/5ML C/1FAMP POLVO SI PI,"[[108, 30], [30, 17]]","[[0.782608695652174, 0.21739130434782608], [0.6382978723404256, 0.3617021276595745]]","[0.7459459459, 0.2540540541]"
GALACTUS 100UI/ML C/10ML 1FAMP SI,"[[0, 1], [1, 17]]","[[0.0, 1.0], [0.05555555555555555, 0.9444444444444444]]","[0.0526315789, 0.9473684211]"
GASA 10X10CM T20X12 BIS N/EST C/200,"[[122, 27], [27, 9]]","[[0.8187919463087249, 0.18120805369127516], [0.75, 0.25]]","[0.8054054054, 0.1945945946]"
GASA RAD 10X10CM 32C T28X24 EST C/5,"[[34, 48], [48, 55]]","[[0.4146341463414634, 0.5853658536585366], [0.46601941747572817, 0.5339805825242718]]","[0.4432432432, 0.5567567568]"
GELAFUNDIN 4 4G/100ML C/500ML FCO FLX SI,"[[181, 2], [2, 2]]","[[0.9890710382513661, 0.01092896174863388], [0.5, 0.5]]","[0.9786096257, 0.0213903743]"
GIRATEK C/EXTENSION 50CM,"[[172, 6], [6, 3]]","[[0.9662921348314607, 0.033707865168539325], [0.6666666666666666, 0.3333333333333333]]","[0.9518716578, 0.0481283422]"
GIRATEK C/EXTENSION 80CM,"[[187, 0], [0, 0]]","[[1.0, 0.0], [0, 0]]","[1.0, 0.0]"
GIRATEK LLAVE DE 3VIAS,"[[185, 1], [1, 0]]","[[0.9946236559139785, 0.005376344086021506], [1.0, 0.0]]","[0.9946524064, 0.0053475936]"
GLIRRON 100MG/5ML C/5ML 1AMP SI,"[[14, 28], [28, 116]]","[[0.3333333333333333, 0.6666666666666666], [0.19444444444444445, 0.8055555555555556]]","[0.2258064516, 0.7741935484]"
GLISURET P/IRRI 3L BOL SOL UROL,"[[124, 10], [10, 30]]","[[0.9253731343283582, 0.07462686567164178], [0.25, 0.75]]","[0.7701149425, 0.2298850575]"
GLUCONATO CAL 10% C/10ML 100AMP,"[[0, 4], [4, 55]]","[[0.0, 1.0], [0.06779661016949153, 0.9322033898305084]]","[0.0634920635, 0.9365079365]"
GLUCONATO CAL 10% C/10ML 100AMP SI NVO,"[[145, 7], [7, 4]]","[[0.9539473684210527, 0.046052631578947366], [0.6363636363636364, 0.36363636363636365]]","[0.9325153374, 0.0674846626]"
GRANISETRON 3MG/3ML C/1AMP SI,"[[4, 10], [10, 108]]","[[0.2857142857142857, 0.7142857142857143], [0.0847457627118644, 0.9152542372881356]]","[0.1060606061, 0.8939393939]"
GRATEN 10MG/10ML C/10ML 5AMP SI,"[[4, 15], [15, 145]]","[[0.21052631578947367, 0.7894736842105263], [0.09375, 0.90625]]","[0.1061452514, 0.8938547486]"
GRATEN 2.5MG/2.5ML C/2.5ML 5AMP SI,"[[5, 20], [20, 139]]","[[0.2, 0.8], [0.12578616352201258, 0.8742138364779874]]","[0.1358695652, 0.8641304348]"
GUANTES QX 6.5 LATEX EST UNISEAL SUR,"[[2, 8], [8, 80]]","[[0.2, 0.8], [0.09090909090909091, 0.9090909090909091]]","[0.1020408163, 0.8979591837]"
GUANTES QX 7.0 LATEX EST UNISEAL SUR,"[[1, 10], [10, 86]]","[[0.09090909090909091, 0.9090909090909091], [0.10416666666666667, 0.8958333333333334]]","[0.1028037383, 0.8971962617]"
GUANTES QX 7.5 LATEX EST UNISEAL SUR,"[[6, 21], [21, 78]]","[[0.2222222222222222, 0.7777777777777778], [0.21212121212121213, 0.7878787878787878]]","[0.2142857143, 0.7857142857]"
GUANTES QX 8.0 LATEX EST UNISEAL SUR,"[[1, 1], [1, 7]]","[[0.5, 0.5], [0.125, 0.875]]","[0.2, 0.8]"
HALOPERIDOL 50MG/1ML C/1AMP SI SSA IV,"[[1, 6], [6, 94]]","[[0.14285714285714285, 0.8571428571428571], [0.06, 0.94]]","[0.0654205607, 0.9345794393]"
HALOPERIDOL 50MG/ML C/1ML 1AMP SI,"[[1, 7], [7, 102]]","[[0.125, 0.875], [0.06422018348623854, 0.9357798165137615]]","[0.0683760684, 0.9316239316]"
HALOPERIDOL 5MG/ML C/1ML 6AMP SI,"[[33, 34], [34, 77]]","[[0.4925373134328358, 0.5074626865671642], [0.3063063063063063, 0.6936936936936937]]","[0.3764044944, 0.6235955056]"
HEMOLINE MOD F C/PROT TRAN,"[[0, 5], [5, 89]]","[[0.0, 1.0], [0.05319148936170213, 0.9468085106382979]]","[0.0505050505, 0.9494949495]"
HEMOLINE MOD UNIV C/PROT TRAN,"[[3, 16], [16, 148]]","[[0.15789473684210525, 0.8421052631578947], [0.0975609756097561, 0.9024390243902439]]","[0.1038251366, 0.8961748634]"
HEMOTEK 0-100,"[[8, 29], [29, 112]]","[[0.21621621621621623, 0.7837837837837838], [0.20567375886524822, 0.7943262411347518]]","[0.2078651685, 0.7921348315]"
HEMOTEK C/FILTRO S/AGUJA EQ VENOCLISIS,"[[185, 1], [1, 0]]","[[0.9946236559139785, 0.005376344086021506], [1.0, 0.0]]","[0.9946524064, 0.0053475936]"
HEMOTEK LUERLOCK C/FILTRO S/AGUJA EQ VEN,"[[4, 8], [8, 76]]","[[0.3333333333333333, 0.6666666666666666], [0.09523809523809523, 0.9047619047619048]]","[0.125, 0.875]"
HEMOTEK PARA BOMBA,"[[19, 34], [34, 96]]","[[0.3584905660377358, 0.6415094339622641], [0.26153846153846155, 0.7384615384615385]]","[0.2896174863, 0.7103825137]"
HENEXAL 20MG/2ML C/2ML 5AMP SI,"[[182, 2], [2, 1]]","[[0.9891304347826086, 0.010869565217391304], [0.6666666666666666, 0.3333333333333333]]","[0.9839572193, 0.0160427807]"
HESTAR 10G/100ML C/500ML 1FCO FLX,"[[46, 44], [44, 51]]","[[0.5111111111111111, 0.4888888888888889], [0.4631578947368421, 0.5368421052631579]]","[0.4864864865, 0.5135135135]"
HESTAR 130 6% C/500ML 1FCO FLX C/EQUIPO,"[[0, 3], [3, 47]]","[[0.0, 1.0], [0.06, 0.94]]","[0.0566037736, 0.9433962264]"
HESTAR 6G/100ML C/500ML 1FCO FLX,"[[72, 35], [35, 41]]","[[0.6728971962616822, 0.32710280373831774], [0.4605263157894737, 0.5394736842105263]]","[0.5846994536, 0.4153005464]"
HIDROCORTISONA 100MG C/50FAMP C/DIL SI,"[[181, 3], [3, 0]]","[[0.9836956521739131, 0.016304347826086956], [1.0, 0.0]]","[0.9839572193, 0.0160427807]"
HIERRO DEXTRAN 100MG/2ML C/2ML 3AMP SI,"[[130, 21], [21, 15]]","[[0.8609271523178808, 0.1390728476821192], [0.5833333333333334, 0.4166666666666667]]","[0.807486631, 0.192513369]"
HOMEPUMP C 100ML 0.5ML/H,"[[2, 14], [14, 67]]","[[0.125, 0.875], [0.1728395061728395, 0.8271604938271605]]","[0.1649484536, 0.8350515464]"
HOMEPUMP C 100ML 2ML/H,"[[56, 23], [23, 12]]","[[0.7088607594936709, 0.2911392405063291], [0.6571428571428571, 0.34285714285714286]]","[0.6929824561, 0.3070175439]"
HOMEPUMP C 125ML 5ML/H,"[[101, 6], [6, 2]]","[[0.9439252336448598, 0.056074766355140186], [0.75, 0.25]]","[0.9304347826, 0.0695652174]"
HOMEPUMP C 270ML 2ML/H,"[[5, 5], [5, 27]]","[[0.5, 0.5], [0.15625, 0.84375]]","[0.2380952381, 0.7619047619]"
HOMEPUMP C 270ML 5ML/H,"[[17, 25], [25, 45]]","[[0.40476190476190477, 0.5952380952380952], [0.35714285714285715, 0.6428571428571429]]","[0.375, 0.625]"
HOMEPUMP C 60ML 2ML/H,"[[82, 13], [13, 6]]","[[0.8631578947368421, 0.1368421052631579], [0.6842105263157895, 0.3157894736842105]]","[0.8333333333, 0.1666666667]"
IKATIN 20MG/2ML C/2ML 1AMP SI,"[[136, 19], [19, 12]]","[[0.8774193548387097, 0.12258064516129032], [0.6129032258064516, 0.3870967741935484]]","[0.8333333333, 0.1666666667]"
IKATIN 80MG/2ML C/2ML 1AMP SI,"[[172, 4], [4, 7]]","[[0.9772727272727273, 0.022727272727272728], [0.36363636363636365, 0.6363636363636364]]","[0.9411764706, 0.0588235294]"
IMATION 1G D/10ML C/1FAMP SI,"[[21, 35], [35, 95]]","[[0.375, 0.625], [0.2692307692307692, 0.7307692307692307]]","[0.3010752688, 0.6989247312]"
IMATION 500MG D/5ML C/1FAMP SI,"[[0, 9], [9, 79]]","[[0.0, 1.0], [0.10227272727272728, 0.8977272727272727]]","[0.0927835052, 0.9072164948]"
IMIPE/CILAST 500/500MG C/1FAMP SI NVO,"[[8, 6], [6, 42]]","[[0.5714285714285714, 0.42857142857142855], [0.125, 0.875]]","[0.2258064516, 0.7741935484]"
IMIPENEM/CILASTATIN 500/500MG C/1FAMP SI,"[[7, 11], [11, 86]]","[[0.3888888888888889, 0.6111111111111112], [0.1134020618556701, 0.8865979381443299]]","[0.1565217391, 0.8434782609]"
INDAMID 300MG/2ML C/2ML 1AMP SI,"[[11, 20], [20, 83]]","[[0.3548387096774194, 0.6451612903225806], [0.1941747572815534, 0.8058252427184466]]","[0.2313432836, 0.7686567164]"
INFALET 1G/10ML C/10ML 6AMP SI,"[[30, 39], [39, 76]]","[[0.43478260869565216, 0.5652173913043478], [0.3391304347826087, 0.6608695652173913]]","[0.375, 0.625]"
INFATALIDINA 1MG/5ML C/5ML 1FAMP SI,"[[0, 21], [21, 134]]","[[0.0, 1.0], [0.13548387096774195, 0.864516129032258]]","[0.1193181818, 0.8806818182]"
INFUSOR 100ML 0.5ML/H HOMEPUMP C,"[[7, 15], [15, 39]]","[[0.3181818181818182, 0.6818181818181818], [0.2777777777777778, 0.7222222222222222]]","[0.2894736842, 0.7105263158]"
INFUSOR 100ML 2ML/H HOMEPUMP C,"[[51, 11], [11, 2]]","[[0.8225806451612904, 0.1774193548387097], [0.8461538461538461, 0.15384615384615385]]","[0.8266666667, 0.1733333333]"
INFUSOR 125ML 5ML/H HOMEPUMP C,"[[57, 4], [4, 12]]","[[0.9344262295081968, 0.06557377049180328], [0.25, 0.75]]","[0.7922077922, 0.2077922078]"
INFUSOR 270ML 10ML/H AMB DESE HOMEPUMP C,"[[1, 3], [3, 1]]","[[0.25, 0.75], [0.75, 0.25]]","[0.5, 0.5]"
INFUSOR 270ML 2ML/H AMB/DESEC HOMEPUMP C,"[[0, 5], [5, 33]]","[[0.0, 1.0], [0.13157894736842105, 0.868421052631579]]","[0.1162790698, 0.8837209302]"
INFUSOR 270ML 5ML/H AMB/DESEC HOMEPUMP C,"[[20, 13], [13, 11]]","[[0.6060606060606061, 0.3939393939393939], [0.5416666666666666, 0.4583333333333333]]","[0.5789473684, 0.4210526316]"
INFUSOR 60ML 2ML/H HOMEPUMP C,"[[84, 10], [10, 10]]","[[0.8936170212765957, 0.10638297872340426], [0.5, 0.5]]","[0.8245614035, 0.1754385965]"
INHEPAR 1000UI/ML C/10ML 1FAMP SI,"[[123, 18], [18, 28]]","[[0.8723404255319149, 0.1276595744680851], [0.391304347826087, 0.6086956521739131]]","[0.7540106952, 0.2459893048]"
INHEPAR 1000UI/ML C/1ML 20FAMP SI,"[[0, 1], [1, 21]]","[[0.0, 1.0], [0.045454545454545456, 0.9545454545454546]]","[0.0434782609, 0.9565217391]"
INHEPAR 5000UI/ML C/10ML 1FAMP SI,"[[102, 23], [23, 37]]","[[0.816, 0.184], [0.38333333333333336, 0.6166666666666667]]","[0.6756756757, 0.3243243243]"
INHEPAR 5000UI/ML C/5ML 1FAMP SI,"[[42, 36], [36, 73]]","[[0.5384615384615384, 0.46153846153846156], [0.3302752293577982, 0.6697247706422018]]","[0.4171122995, 0.5828877005]"
INNEFOL 50MG/4ML C/1FAMP SI,"[[33, 16], [16, 28]]","[[0.673469387755102, 0.32653061224489793], [0.36363636363636365, 0.6363636363636364]]","[0.5268817204, 0.4731182796]"
INNEFOL 50MG/4ML C/1FAMP SI NVO,"[[37, 23], [23, 30]]","[[0.6166666666666667, 0.38333333333333336], [0.4339622641509434, 0.5660377358490566]]","[0.5309734513, 0.4690265487]"
INOTROPISA 200MG/5ML C/5ML 5AMP SI,"[[161, 12], [12, 1]]","[[0.930635838150289, 0.06936416184971098], [0.9230769230769231, 0.07692307692307693]]","[0.9301075269, 0.0698924731]"
INSULEX N 100UI/ML C/10ML 1FCO SUI,"[[2, 16], [16, 142]]","[[0.1111111111111111, 0.8888888888888888], [0.10126582278481013, 0.8987341772151899]]","[0.1022727273, 0.8977272727]"
INSULEX R 100UI/ML C/10ML 1FCO SI,"[[50, 37], [37, 55]]","[[0.5747126436781609, 0.42528735632183906], [0.40217391304347827, 0.5978260869565217]]","[0.4860335196, 0.5139664804]"
IRRIGATEK 1 VIA P/BOLSA,"[[72, 16], [16, 29]]","[[0.8181818181818182, 0.18181818181818182], [0.35555555555555557, 0.6444444444444445]]","[0.6616541353, 0.3383458647]"
IRRIGATEK 2 VIA P/BOLSA,"[[167, 7], [7, 6]]","[[0.9597701149425287, 0.040229885057471264], [0.5384615384615384, 0.46153846153846156]]","[0.9304812834, 0.0695187166]"
ISAVIR 250MG C/5FAMP SI,"[[0, 9], [9, 62]]","[[0.0, 1.0], [0.1267605633802817, 0.8732394366197183]]","[0.1125, 0.8875]"
ISAVIR 400MG C/35TAB,"[[0, 3], [3, 7]]","[[0.0, 1.0], [0.3, 0.7]]","[0.2307692308, 0.7692307692]"
IZADIMA 1G D/3ML C/1FAMP SI IV/IM,"[[128, 19], [19, 21]]","[[0.8707482993197279, 0.1292517006802721], [0.475, 0.525]]","[0.7860962567, 0.2139037433]"
JERINGA 20ML PLAS P/PREFURSOR C/AGUJA,"[[5, 15], [15, 80]]","[[0.25, 0.75], [0.15789473684210525, 0.8421052631578947]]","[0.1739130435, 0.8260869565]"
JERINGA 50ML TRANS P/PERFUSOR FT,"[[15, 32], [32, 105]]","[[0.3191489361702128, 0.6808510638297872], [0.23357664233576642, 0.7664233576642335]]","[0.2554347826, 0.7445652174]"
KELEFUSIN 1.49G/5ML C/50ML 1FAMP SI,"[[27, 47], [47, 66]]","[[0.36486486486486486, 0.6351351351351351], [0.415929203539823, 0.584070796460177]]","[0.3957219251, 0.6042780749]"
KELEFUSIN 1.49G/5ML C/5ML 100AMP SI,"[[187, 0], [0, 0]]","[[1.0, 0.0], [0, 0]]","[1.0, 0.0]"
KETOROLACO 30MG/ML C/3AMPP SI,"[[181, 3], [3, 0]]","[[0.9836956521739131, 0.016304347826086956], [1.0, 0.0]]","[0.9839572193, 0.0160427807]"
KIT C/D FISTULA HD 4 CAMPOS,"[[1, 0], [0, 0]]","[[1.0, 0.0], [0, 0]]","[1.0, 0.0]"
KIT POP WASH BOLSA C/1,"[[0, 2], [2, 14]]","[[0.0, 1.0], [0.125, 0.875]]","[0.1111111111, 0.8888888889]"
KIT QX PAQUETE QUIRURGICO BASICO,"[[0, 3], [3, 71]]","[[0.0, 1.0], [0.04054054054054054, 0.9594594594594594]]","[0.038961039, 0.961038961]"
KIT QX PAQUETE QUIRURGICO CESAREA,"[[2, 10], [10, 55]]","[[0.16666666666666666, 0.8333333333333334], [0.15384615384615385, 0.8461538461538461]]","[0.1558441558, 0.8441558442]"
KIT QX PAQUETE QUIRURGICO PARTO,"[[1, 6], [6, 47]]","[[0.14285714285714285, 0.8571428571428571], [0.11320754716981132, 0.8867924528301887]]","[0.1166666667, 0.8833333333]"
KIT QX PAQUETE QUIRURGICO UNIVERSAL,"[[5, 10], [10, 33]]","[[0.3333333333333333, 0.6666666666666666], [0.23255813953488372, 0.7674418604651163]]","[0.2586206897, 0.7413793103]"
KIT QX PAQUETE QUIRURURGICO CABEZA/CUELL,"[[0, 1], [1, 42]]","[[0.0, 1.0], [0.023255813953488372, 0.9767441860465116]]","[0.0227272727, 0.9772727273]"
KIT QX PAQUETE QX P/ORTOPEDIA,"[[1, 5], [5, 21]]","[[0.16666666666666666, 0.8333333333333334], [0.19230769230769232, 0.8076923076923077]]","[0.1875, 0.8125]"
KRUNAMINA 200McG/2ML C/5FAMP SI,"[[3, 17], [17, 101]]","[[0.15, 0.85], [0.1440677966101695, 0.8559322033898306]]","[0.1449275362, 0.8550724638]"
LEFEBRE 0.4MG/1ML C/1ML 10AMP SI,"[[17, 29], [29, 54]]","[[0.3695652173913043, 0.6304347826086957], [0.3493975903614458, 0.6506024096385542]]","[0.3565891473, 0.6434108527]"
LEVAMIN 80CR C/500ML 1FCO SI,"[[23, 25], [25, 46]]","[[0.4791666666666667, 0.5208333333333334], [0.352112676056338, 0.647887323943662]]","[0.4033613445, 0.5966386555]"
LEVAMIN NORMO 10% C/500ML 1FCO SI PI,"[[63, 7], [7, 3]]","[[0.9, 0.1], [0.7, 0.3]]","[0.875, 0.125]"
LEVAMIN NORMO C/500ML 1FCO SI PI,"[[41, 16], [16, 14]]","[[0.7192982456140351, 0.2807017543859649], [0.5333333333333333, 0.4666666666666667]]","[0.6551724138, 0.3448275862]"
LEVAMIN NORMO C/ELEC C/500ML 1FCO SI,"[[39, 10], [10, 26]]","[[0.7959183673469388, 0.20408163265306123], [0.2777777777777778, 0.7222222222222222]]","[0.5764705882, 0.4235294118]"
LEVAMIN PAD 10% C/500ML 1FCO SI,"[[15, 13], [13, 40]]","[[0.5357142857142857, 0.4642857142857143], [0.24528301886792453, 0.7547169811320755]]","[0.3456790123, 0.6543209877]"
LEVAMIN-GLE 3% C/1000ML 1FCO SI,"[[19, 21], [21, 64]]","[[0.475, 0.525], [0.24705882352941178, 0.7529411764705882]]","[0.32, 0.68]"
LEVAMIN-NEP 5.4% C/250ML 1FCO SI,"[[4, 1], [1, 19]]","[[0.8, 0.2], [0.05, 0.95]]","[0.2, 0.8]"
LIBONIDE 0.250MG/2ML C/5FAMP 5JGA SUNEB,"[[19, 23], [23, 111]]","[[0.4523809523809524, 0.5476190476190477], [0.17164179104477612, 0.8283582089552238]]","[0.2386363636, 0.7613636364]"
LIBONIDE 0.500MG/2ML C/5FAMP 5JGA SUNEB,"[[13, 33], [33, 97]]","[[0.2826086956521739, 0.717391304347826], [0.25384615384615383, 0.7461538461538462]]","[0.2613636364, 0.7386363636]"
LIDOCAINA 2% 1G C/50ML 5FAMP SI,"[[8, 21], [21, 63]]","[[0.27586206896551724, 0.7241379310344828], [0.25, 0.75]]","[0.2566371681, 0.7433628319]"
LINDEZA 120MG C/84CAP,"[[0, 1], [1, 0]]","[[0.0, 1.0], [1.0, 0.0]]","[1.0, 0.0]"
LINICETIL 50MG LIOF C/1FAMP SI,"[[0, 2], [2, 25]]","[[0.0, 1.0], [0.07407407407407407, 0.9259259259259259]]","[0.0689655172, 0.9310344828]"
LIPOFUNDIN MCT/LCT 10% C/500ML 1FCO SI,"[[4, 19], [19, 92]]","[[0.17391304347826086, 0.8260869565217391], [0.17117117117117117, 0.8288288288288288]]","[0.171641791, 0.828358209]"
LIPOFUNDIN MCT/LCT 20% C/500ML 1FCO SI,"[[24, 38], [38, 84]]","[[0.3870967741935484, 0.6129032258064516], [0.3114754098360656, 0.6885245901639344]]","[0.3369565217, 0.6630434783]"
LUFCUREN 50MG/5ML C/5ML 12FAMP SI,"[[10, 21], [21, 56]]","[[0.3225806451612903, 0.6774193548387096], [0.2727272727272727, 0.7272727272727273]]","[0.287037037, 0.712962963]"
MAGNEFUSIN 10% 10ML C/100AMPP,"[[2, 3], [3, 4]]","[[0.4, 0.6], [0.42857142857142855, 0.5714285714285714]]","[0.4166666667, 0.5833333333]"
MAGNEFUSIN 10% C/10ML 100AMPP SI TLJ,"[[186, 0], [0, 0]]","[[1.0, 0.0], [0, 0]]","[1.0, 0.0]"
MAGNEFUSIN 1G/10ML C/10ML 100AMP SI,"[[2, 2], [2, 7]]","[[0.5, 0.5], [0.2222222222222222, 0.7777777777777778]]","[0.3076923077, 0.6923076923]"
MALIPAFED 2.5MG/ML C/5ML 1FAMP SI,"[[1, 8], [8, 31]]","[[0.1111111111111111, 0.8888888888888888], [0.20512820512820512, 0.7948717948717948]]","[0.1875, 0.8125]"
MAMILA PARA BIBERON C/48,"[[0, 4], [4, 17]]","[[0.0, 1.0], [0.19047619047619047, 0.8095238095238095]]","[0.16, 0.84]"
MEPIMER 1MG C/30TAB,"[[1, 1], [1, 50]]","[[0.5, 0.5], [0.0196078431372549, 0.9803921568627451]]","[0.0377358491, 0.9622641509]"
MEPRIZINA 1G C/1FAMP SI TLJ,"[[172, 7], [7, 1]]","[[0.9608938547486033, 0.03910614525139665], [0.875, 0.125]]","[0.9572192513, 0.0427807487]"
MEPRIZINA 1G D/2ML C/1FAMP SI,"[[7, 4], [4, 4]]","[[0.6363636363636364, 0.36363636363636365], [0.5, 0.5]]","[0.5789473684, 0.4210526316]"
MEPRIZINA 250MG D/2ML C/1FAMP SI TLJ,"[[96, 32], [32, 24]]","[[0.75, 0.25], [0.5714285714285714, 0.42857142857142855]]","[0.6956521739, 0.3043478261]"
MEPRIZINA 500MG D/2ML C/1FAMP SI TLJ,"[[132, 20], [20, 15]]","[[0.868421052631579, 0.13157894736842105], [0.5714285714285714, 0.42857142857142855]]","[0.8128342246, 0.1871657754]"
MEROPENEM 1G C/1FAMP SI STD,"[[0, 2], [2, 55]]","[[0.0, 1.0], [0.03508771929824561, 0.9649122807017544]]","[0.0338983051, 0.9661016949]"
MEROPENEM 1G C/FAMP SI,"[[1, 2], [2, 4]]","[[0.3333333333333333, 0.6666666666666666], [0.3333333333333333, 0.6666666666666666]]","[0.3333333333, 0.6666666667]"
METFORMINA 850MG C/30TAB GENEPISA,"[[51, 45], [45, 42]]","[[0.53125, 0.46875], [0.5172413793103449, 0.4827586206896552]]","[0.5245901639, 0.4754098361]"
METILPREDNISOLONA 500MG 50FAMP C/DIL SI,"[[72, 42], [42, 29]]","[[0.631578947368421, 0.3684210526315789], [0.5915492957746479, 0.4084507042253521]]","[0.6162162162, 0.3837837838]"
METOCLOPRAMIDA 10MG/2ML C/6AMP SI,"[[74, 39], [39, 34]]","[[0.6548672566371682, 0.34513274336283184], [0.5342465753424658, 0.4657534246575342]]","[0.6075268817, 0.3924731183]"
MICROCLAVE CLEAR,"[[88, 45], [45, 9]]","[[0.6616541353383458, 0.3383458646616541], [0.8333333333333334, 0.16666666666666666]]","[0.7112299465, 0.2887700535]"
MICROCLAVE CLEAR C/EXT 13CM MICRO 2VIAS,"[[6, 9], [9, 41]]","[[0.4, 0.6], [0.18, 0.82]]","[0.2307692308, 0.7692307692]"
MICROCLAVE CLEAR C/EXT 15CM MICRO 1VIA J,"[[3, 14], [14, 125]]","[[0.17647058823529413, 0.8235294117647058], [0.10071942446043165, 0.8992805755395683]]","[0.108974359, 0.891025641]"
MICROCLAVE CLEAR C/EXT 18CM ANTIAC 1VIA,"[[0, 1], [1, 7]]","[[0.0, 1.0], [0.125, 0.875]]","[0.1111111111, 0.8888888889]"
MICROCLAVE CLEAR C/EXT 20CM 2VIAS,"[[8, 30], [30, 110]]","[[0.21052631578947367, 0.7894736842105263], [0.21428571428571427, 0.7857142857142857]]","[0.2134831461, 0.7865168539]"
MICROCLAVE CLEAR C/EXT 56CM 2 VIAS,"[[1, 5], [5, 98]]","[[0.16666666666666666, 0.8333333333333334], [0.04854368932038835, 0.9514563106796117]]","[0.0550458716, 0.9449541284]"
MICROCLAVE CLEAR C/EXT MICRO 15CM 1VIA,"[[26, 48], [48, 56]]","[[0.35135135135135137, 0.6486486486486487], [0.46153846153846156, 0.5384615384615384]]","[0.4157303371, 0.5842696629]"
MICROCLAVE CLEAR C/EXT MICRO 25CM 2VIA,"[[51, 40], [40, 53]]","[[0.5604395604395604, 0.43956043956043955], [0.43010752688172044, 0.5698924731182796]]","[0.4945652174, 0.5054347826]"
MICROCLAVE CLEAR C/EXT MICRO 30CM 3VIA,"[[55, 49], [49, 32]]","[[0.5288461538461539, 0.47115384615384615], [0.6049382716049383, 0.3950617283950617]]","[0.5621621622, 0.4378378378]"
MICROCLAVE CLEAR C/EXT18CM MIC ANT 3VIAS,"[[101, 33], [33, 19]]","[[0.753731343283582, 0.2462686567164179], [0.6346153846153846, 0.36538461538461536]]","[0.7204301075, 0.2795698925]"
MICROCLAVE CLEAR EXT C/VALVULA CHECK,"[[3, 4], [4, 11]]","[[0.42857142857142855, 0.5714285714285714], [0.26666666666666666, 0.7333333333333333]]","[0.3181818182, 0.6818181818]"
NAXIFELAR 250MG/5ML C/100ML 1FCO SUOR,"[[0, 2], [2, 30]]","[[0.0, 1.0], [0.0625, 0.9375]]","[0.0588235294, 0.9411764706]"
NEOMIXEN 250MG C/10TAB,"[[6, 21], [21, 28]]","[[0.2222222222222222, 0.7777777777777778], [0.42857142857142855, 0.5714285714285714]]","[0.3552631579, 0.6447368421]"
NIMODIPINO 10MG/50ML C/1FAMP SI,"[[0, 5], [5, 75]]","[[0.0, 1.0], [0.0625, 0.9375]]","[0.0588235294, 0.9411764706]"
NODESCRON 4MG D/1ML C/50FAMP SI,"[[91, 22], [22, 52]]","[[0.8053097345132744, 0.19469026548672566], [0.2972972972972973, 0.7027027027027027]]","[0.6042780749, 0.3957219251]"
NOVACAREL 400MG/4ML C/5AMP SI PI,"[[7, 13], [13, 131]]","[[0.35, 0.65], [0.09027777777777778, 0.9097222222222222]]","[0.1219512195, 0.8780487805]"
OCTREOTIDA 1MG/5ML C/1FAMP SI,"[[0, 4], [4, 97]]","[[0.0, 1.0], [0.039603960396039604, 0.9603960396039604]]","[0.0380952381, 0.9619047619]"
OMEPRAZOL 40MG D/10ML C/FAMP SI GENEPISA,"[[175, 5], [5, 2]]","[[0.9722222222222222, 0.027777777777777776], [0.7142857142857143, 0.2857142857142857]]","[0.9625668449, 0.0374331551]"
ONEMER 30MG/ML C/1ML 3AMP NVO,"[[126, 24], [24, 12]]","[[0.84, 0.16], [0.6666666666666666, 0.3333333333333333]]","[0.8064516129, 0.1935483871]"
ORTHOZIME 4 L BOT CUADRADA,"[[0, 2], [2, 21]]","[[0.0, 1.0], [0.08695652173913043, 0.9130434782608695]]","[0.08, 0.92]"
ORTHOZIME SOL GALON C/4L,"[[0, 6], [6, 37]]","[[0.0, 1.0], [0.13953488372093023, 0.8604651162790697]]","[0.1224489796, 0.8775510204]"
OSMOROL 20 20G/100ML C/250ML FLX SI,"[[183, 2], [2, 0]]","[[0.9891891891891892, 0.010810810810810811], [1.0, 0.0]]","[0.9893048128, 0.0106951872]"
OTROZOL 200MG/10ML C/2AMPP SI,"[[25, 34], [34, 93]]","[[0.423728813559322, 0.576271186440678], [0.2677165354330709, 0.7322834645669292]]","[0.3172043011, 0.6827956989]"
OTROZOL 500 5MG/ML C/100ML FLX SI,"[[185, 1], [1, 0]]","[[0.9946236559139785, 0.005376344086021506], [1.0, 0.0]]","[0.9946524064, 0.0053475936]"
OXILEIR 5MG/ML C/10ML 1FCO SNEB,"[[3, 9], [9, 155]]","[[0.25, 0.75], [0.054878048780487805, 0.9451219512195121]]","[0.0681818182, 0.9318181818]"
OXITOPISA 5UI C/1ML 50AMP SI,"[[187, 0], [0, 0]]","[[1.0, 0.0], [0, 0]]","[1.0, 0.0]"
PANAZECLOX 2.5MG/ML C/10ML 1FCO SOOR,"[[0, 3], [3, 77]]","[[0.0, 1.0], [0.0375, 0.9625]]","[0.0361445783, 0.9638554217]"
PENDIBEN COMP 1.2MU D/5ML C/FAMP SUI,"[[162, 7], [7, 11]]","[[0.9585798816568047, 0.04142011834319527], [0.3888888888888889, 0.6111111111111112]]","[0.9037433155, 0.0962566845]"
"PENDIBEN LA 1,200,000UI D/5ML C/FAMP SUI","[[139, 16], [16, 15]]","[[0.896774193548387, 0.1032258064516129], [0.5161290322580645, 0.4838709677419355]]","[0.8333333333, 0.1666666667]"
"PENISODINA 400,000UI D/2ML 1FAMP SUI TLJ","[[127, 20], [20, 20]]","[[0.8639455782312925, 0.1360544217687075], [0.5, 0.5]]","[0.7860962567, 0.2139037433]"
"PENISODINA 400,000UI D/2ML C/1FAMP SUI","[[30, 13], [13, 15]]","[[0.6976744186046512, 0.3023255813953488], [0.4642857142857143, 0.5357142857142857]]","[0.6056338028, 0.3943661972]"
"PENISODINA 800,000UI D/2ML 1FAMP SUI TLJ","[[176, 3], [3, 5]]","[[0.9832402234636871, 0.01675977653631285], [0.375, 0.625]]","[0.9572192513, 0.0427807487]"
"PENISODINA 800,000UI D/2ML C/1FAMP SUI","[[55, 9], [9, 3]]","[[0.859375, 0.140625], [0.75, 0.25]]","[0.8421052632, 0.1578947368]"
PERFULINE 150CM LIBRE DE PVC P/PERFUSOR,"[[7, 25], [25, 99]]","[[0.21875, 0.78125], [0.20161290322580644, 0.7983870967741935]]","[0.2051282051, 0.7948717949]"
PERFULINE 150CM OPACA P/PERFUSOR,"[[2, 17], [17, 147]]","[[0.10526315789473684, 0.8947368421052632], [0.10365853658536585, 0.8963414634146342]]","[0.1038251366, 0.8961748634]"
PINADRINA 1MG/ML C/1ML 100AMP SI,"[[32, 42], [42, 67]]","[[0.43243243243243246, 0.5675675675675675], [0.3853211009174312, 0.6146788990825688]]","[0.4043715847, 0.5956284153]"
PINADRINA 1MG/ML C/1ML 50AMP SI,"[[181, 3], [3, 0]]","[[0.9836956521739131, 0.016304347826086956], [1.0, 0.0]]","[0.9839572193, 0.0160427807]"
PIPTABAC 4G/0.5G C/1FAMP SI,"[[15, 35], [35, 97]]","[[0.3, 0.7], [0.26515151515151514, 0.7348484848484849]]","[0.2747252747, 0.7252747253]"
PISA BOLSA EVA 3000ML,"[[45, 22], [22, 46]]","[[0.6716417910447762, 0.3283582089552239], [0.3235294117647059, 0.6764705882352942]]","[0.4962962963, 0.5037037037]"
PISA SM BOLSA EVA 500ML,"[[50, 14], [14, 57]]","[[0.78125, 0.21875], [0.19718309859154928, 0.8028169014084507]]","[0.4740740741, 0.5259259259]"
PISACAINA 1% 10MG/1ML C/50ML 1FAMP SI,"[[187, 0], [0, 0]]","[[1.0, 0.0], [0, 0]]","[1.0, 0.0]"
PISACAINA 2% 20MG/1ML C/50ML 1FAMP SI,"[[187, 0], [0, 0]]","[[1.0, 0.0], [0, 0]]","[1.0, 0.0]"
PISACAINA 2% C/10ML 10AMPP SI TLJ,"[[185, 1], [1, 0]]","[[0.9946236559139785, 0.005376344086021506], [1.0, 0.0]]","[0.9946524064, 0.0053475936]"
PISACAINA 2% C/EPINEFRINA 50ML 1FAMP SI,"[[180, 2], [2, 3]]","[[0.989010989010989, 0.01098901098901099], [0.4, 0.6]]","[0.9732620321, 0.0267379679]"
PISACAINA SPRAY 10G/100ML 115ML 1FCO SI,"[[167, 4], [4, 12]]","[[0.9766081871345029, 0.023391812865497075], [0.25, 0.75]]","[0.9144385027, 0.0855614973]"
"PISACILINA 1'000,000UI D/2ML FAMP SI TLJ","[[69, 40], [40, 37]]","[[0.6330275229357798, 0.3669724770642202], [0.5194805194805194, 0.4805194805194805]]","[0.5860215054, 0.4139784946]"
"PISACILINA 5'000,000UI D/2ML C/1FAMP SI","[[126, 26], [26, 8]]","[[0.8289473684210527, 0.17105263157894737], [0.7647058823529411, 0.23529411764705882]]","[0.8172043011, 0.1827956989]"
PISALAK 6BILLONES UFC C/10ML 7FCO,"[[5, 18], [18, 39]]","[[0.21739130434782608, 0.782608695652174], [0.3157894736842105, 0.6842105263157895]]","[0.2875, 0.7125]"
PISALPRA 0.25MG C/30TAB,"[[0, 1], [1, 5]]","[[0.0, 1.0], [0.16666666666666666, 0.8333333333333334]]","[0.1428571429, 0.8571428571]"
PISALPRA 0.5MG C/30TAB,"[[0, 2], [2, 20]]","[[0.0, 1.0], [0.09090909090909091, 0.9090909090909091]]","[0.0833333333, 0.9166666667]"
PISAPEM 1G C/1FAMP C/DIL SI NVO,"[[0, 4], [4, 55]]","[[0.0, 1.0], [0.06779661016949153, 0.9322033898305084]]","[0.0634920635, 0.9365079365]"
PISAPEM 1G D/20ML C/1FAMP SI,"[[0, 1], [1, 2]]","[[0.0, 1.0], [0.3333333333333333, 0.6666666666666666]]","[0.25, 0.75]"
PISAPEM 500MG D/10ML C/1FAMP SI,"[[1, 8], [8, 118]]","[[0.1111111111111111, 0.8888888888888888], [0.06349206349206349, 0.9365079365079365]]","[0.0666666667, 0.9333333333]"
PISATEK BIOSAFE 2 VIAS,"[[0, 1], [1, 0]]","[[0.0, 1.0], [1.0, 0.0]]","[1.0, 0.0]"
PISATEK BIOSAFE 3 VIAS 2 BOLSAS,"[[0, 3], [3, 5]]","[[0.0, 1.0], [0.375, 0.625]]","[0.2727272727, 0.7272727273]"
PISATEK DP MODELO ATTACO,"[[53, 43], [43, 47]]","[[0.5520833333333334, 0.4479166666666667], [0.4777777777777778, 0.5222222222222223]]","[0.5161290323, 0.4838709677]"
PISATRINA 160/800MG C/3ML 6AMP SI,"[[3, 10], [10, 100]]","[[0.23076923076923078, 0.7692307692307693], [0.09090909090909091, 0.9090909090909091]]","[0.1056910569, 0.8943089431]"
PISDENO 6MG/2ML C/2ML 6FAMP SI,"[[115, 27], [27, 15]]","[[0.8098591549295775, 0.19014084507042253], [0.6428571428571429, 0.35714285714285715]]","[0.7717391304, 0.2282608696]"
PIXIRIV 160MG/100ML C/250ML 1FCO,"[[5, 19], [19, 142]]","[[0.20833333333333334, 0.7916666666666666], [0.11801242236024845, 0.8819875776397516]]","[0.1297297297, 0.8702702703]"
PORT-A-CATH 5.8FR B PERF INTR 6FR POLIUR,"[[0, 7], [7, 42]]","[[0.0, 1.0], [0.14285714285714285, 0.8571428571428571]]","[0.125, 0.875]"
PORT-A-CATH 8.4FR B PERF SILICON,"[[1, 9], [9, 141]]","[[0.1, 0.9], [0.06, 0.94]]","[0.0625, 0.9375]"
PORT-A-CATH 8.4FR SILICON INTR 9FR,"[[7, 16], [16, 33]]","[[0.30434782608695654, 0.6956521739130435], [0.32653061224489793, 0.673469387755102]]","[0.3194444444, 0.6805555556]"
PORT-A-CATH II 8.4FR SILICON INTR 9FR,"[[7, 21], [21, 135]]","[[0.25, 0.75], [0.1346153846153846, 0.8653846153846154]]","[0.152173913, 0.847826087]"
PORT-A-CATH VEN 8.4FR B PERF INTR 9FR,"[[13, 16], [16, 29]]","[[0.4482758620689655, 0.5517241379310345], [0.35555555555555557, 0.6444444444444445]]","[0.3918918919, 0.6081081081]"
PRAMOTIL 10MG/2ML C/6AMP SI,"[[173, 3], [3, 8]]","[[0.9829545454545454, 0.017045454545454544], [0.2727272727272727, 0.7272727272727273]]","[0.9411764706, 0.0588235294]"
PREMIXSLIP 4 L BOT CUADRADA,"[[9, 13], [13, 29]]","[[0.4090909090909091, 0.5909090909090909], [0.30952380952380953, 0.6904761904761905]]","[0.34375, 0.65625]"
PREMIXSLIP GALON 4000ML,"[[20, 14], [14, 5]]","[[0.5882352941176471, 0.4117647058823529], [0.7368421052631579, 0.2631578947368421]]","[0.641509434, 0.358490566]"
PREPZYME XF ESPUMA C/14OZ,"[[1, 15], [15, 87]]","[[0.0625, 0.9375], [0.14705882352941177, 0.8529411764705882]]","[0.1355932203, 0.8644067797]"
PRIDAM 4MG/4ML C/4ML 10AMP SIIV,"[[91, 21], [21, 28]]","[[0.8125, 0.1875], [0.42857142857142855, 0.5714285714285714]]","[0.6956521739, 0.3043478261]"
PROPORT 5.8FR B PERF INTR 6FR POLIUR,"[[2, 0], [0, 0]]","[[1.0, 0.0], [0, 0]]","[1.0, 0.0]"
PROPORT 7.8FR B PERF INTR 8.5FR POLIUR,"[[1, 2], [2, 62]]","[[0.3333333333333333, 0.6666666666666666], [0.03125, 0.96875]]","[0.0447761194, 0.9552238806]"
PROPORT 8.4FR INTR 9FR POLIUR,"[[0, 1], [1, 12]]","[[0.0, 1.0], [0.07692307692307693, 0.9230769230769231]]","[0.0714285714, 0.9285714286]"
PROTAMINA 71.5MG/5ML C/1AMP SI GE,"[[0, 9], [9, 75]]","[[0.0, 1.0], [0.10714285714285714, 0.8928571428571429]]","[0.0967741935, 0.9032258065]"
QUIRODREN 1/4IN 6MM,"[[13, 13], [13, 74]]","[[0.5, 0.5], [0.14942528735632185, 0.8505747126436781]]","[0.2300884956, 0.7699115044]"
QUIRODREN 1/8IN 3MM,"[[26, 41], [41, 77]]","[[0.3880597014925373, 0.6119402985074627], [0.3474576271186441, 0.652542372881356]]","[0.3621621622, 0.6378378378]"
RECOFOL 10MG/ML C/100ML 1FCO NVO,"[[0, 3], [3, 20]]","[[0.0, 1.0], [0.13043478260869565, 0.8695652173913043]]","[0.1153846154, 0.8846153846]"
RECOFOL 200MG/20ML C/5AMP EMINY NVO,"[[1, 3], [3, 12]]","[[0.25, 0.75], [0.2, 0.8]]","[0.2105263158, 0.7894736842]"
RECOFOL 20MG/ML C/50ML 1FCO NVO,"[[0, 1], [1, 1]]","[[0.0, 1.0], [0.5, 0.5]]","[0.3333333333, 0.6666666667]"
RECOFOL EDTA 10MG/ML C/20ML 5AMP EMINY,"[[0, 3], [3, 44]]","[[0.0, 1.0], [0.06382978723404255, 0.9361702127659575]]","[0.06, 0.94]"
RELACUM 15MG/3ML C/5AMP SI,"[[2, 13], [13, 84]]","[[0.13333333333333333, 0.8666666666666667], [0.13402061855670103, 0.865979381443299]]","[0.1339285714, 0.8660714286]"
RELACUM 50MG/10ML C/10ML 5AMP SI,"[[0, 3], [3, 82]]","[[0.0, 1.0], [0.03529411764705882, 0.9647058823529412]]","[0.0340909091, 0.9659090909]"
RELACUM 5MG/5ML C/5AMP SI NVO,"[[0, 2], [2, 49]]","[[0.0, 1.0], [0.0392156862745098, 0.9607843137254902]]","[0.0377358491, 0.9622641509]"
RELATRAC 25MG/2.5ML C/1AMP SI,"[[96, 33], [33, 24]]","[[0.7441860465116279, 0.2558139534883721], [0.5789473684210527, 0.42105263157894735]]","[0.6935483871, 0.3064516129]"
RELATRAC 50MG/5ML C/1AMP SI,"[[68, 24], [24, 19]]","[[0.7391304347826086, 0.2608695652173913], [0.5581395348837209, 0.4418604651162791]]","[0.6814814815, 0.3185185185]"
RELATRAC MLD 100MG/10ML C/10ML 1FAMP SI,"[[3, 17], [17, 42]]","[[0.15, 0.85], [0.288135593220339, 0.711864406779661]]","[0.253164557, 0.746835443]"
RELAZEPAM 10MG/2ML C/2ML 6AMP SI,"[[50, 38], [38, 60]]","[[0.5681818181818182, 0.4318181818181818], [0.3877551020408163, 0.6122448979591837]]","[0.4731182796, 0.5268817204]"
RHEOMACRODEX 10% GLUC C/500ML SI,"[[9, 19], [19, 31]]","[[0.32142857142857145, 0.6785714285714286], [0.38, 0.62]]","[0.358974359, 0.641025641]"
RHEOMACRODEX 10% SAL C/500ML SI,"[[75, 43], [43, 26]]","[[0.635593220338983, 0.3644067796610169], [0.6231884057971014, 0.37681159420289856]]","[0.6310160428, 0.3689839572]"
ROLLO GASA 91.4X0.45M T20X12 N/EST C/1,"[[10, 34], [34, 102]]","[[0.22727272727272727, 0.7727272727272727], [0.25, 0.75]]","[0.2444444444, 0.7555555556]"
ROPICONEST 2MG/ML C/20ML 5AMPP SI,"[[99, 23], [23, 39]]","[[0.8114754098360656, 0.1885245901639344], [0.3709677419354839, 0.6290322580645161]]","[0.6630434783, 0.3369565217]"
ROPICONEST 7.5MG/ML C/20ML 5AMPP SI,"[[159, 8], [8, 12]]","[[0.9520958083832335, 0.04790419161676647], [0.4, 0.6]]","[0.8930481283, 0.1069518717]"
SALPIFAR 1G/100ML C/100ML 1FAMP SI,"[[2, 6], [6, 71]]","[[0.25, 0.75], [0.07792207792207792, 0.922077922077922]]","[0.0941176471, 0.9058823529]"
SALPIFAR 1G/100ML C/100ML 4FAMP SI,"[[0, 4], [4, 15]]","[[0.0, 1.0], [0.21052631578947367, 0.7894736842105263]]","[0.1739130435, 0.8260869565]"
SALPIFAR 500MG/50ML C/50ML 1FCO SI,"[[4, 14], [14, 92]]","[[0.2222222222222222, 0.7777777777777778], [0.1320754716981132, 0.8679245283018868]]","[0.1451612903, 0.8548387097]"
SET ESPICAT BASICO 16G,"[[14, 21], [21, 53]]","[[0.4, 0.6], [0.28378378378378377, 0.7162162162162162]]","[0.3211009174, 0.6788990826]"
SET ESPICAT BASICO 17G,"[[24, 26], [26, 59]]","[[0.48, 0.52], [0.3058823529411765, 0.6941176470588235]]","[0.3703703704, 0.6296296296]"
SET ESPICAT BASICO 18G,"[[6, 13], [13, 39]]","[[0.3157894736842105, 0.6842105263157895], [0.25, 0.75]]","[0.2676056338, 0.7323943662]"
SET ESPICAT INTERMEDIO 16G,"[[6, 18], [18, 91]]","[[0.25, 0.75], [0.1651376146788991, 0.8348623853211009]]","[0.1804511278, 0.8195488722]"
SET ESPICAT INTERMEDIO 17G,"[[1, 4], [4, 22]]","[[0.2, 0.8], [0.15384615384615385, 0.8461538461538461]]","[0.1612903226, 0.8387096774]"
SET ESPICAT PLUS 16G-FC,"[[4, 15], [15, 53]]","[[0.21052631578947367, 0.7894736842105263], [0.22058823529411764, 0.7794117647058824]]","[0.2183908046, 0.7816091954]"
SET ESPICAT PLUS 17G-FC,"[[0, 8], [8, 13]]","[[0.0, 1.0], [0.38095238095238093, 0.6190476190476191]]","[0.275862069, 0.724137931]"
SEVOFLURANO 100% C/250ML 1FCO SNEB,"[[10, 16], [16, 92]]","[[0.38461538461538464, 0.6153846153846154], [0.14814814814814814, 0.8518518518518519]]","[0.1940298507, 0.8059701493]"
SHAMPOO CABELLO/CUERPO C/250ML,"[[5, 20], [20, 135]]","[[0.2, 0.8], [0.12903225806451613, 0.8709677419354839]]","[0.1388888889, 0.8611111111]"
SM FEXOFENADINA 120MG C/10COM NVO TLJ,"[[0, 4], [4, 13]]","[[0.0, 1.0], [0.23529411764705882, 0.7647058823529411]]","[0.1904761905, 0.8095238095]"
SM LORATADINA 10MG C/10TAB NVO TLJ,"[[0, 1], [1, 3]]","[[0.0, 1.0], [0.25, 0.75]]","[0.2, 0.8]"
SM LOSARTAN 50MG C/30COM,"[[0, 2], [2, 11]]","[[0.0, 1.0], [0.15384615384615385, 0.8461538461538461]]","[0.1333333333, 0.8666666667]"
SM ORLISTAT 120MG C/21CAP,"[[0, 1], [1, 18]]","[[0.0, 1.0], [0.05263157894736842, 0.9473684210526315]]","[0.05, 0.95]"
SM PANTOPRAZOL 20MG C/14TAB NVO TLJ,"[[0, 5], [5, 10]]","[[0.0, 1.0], [0.3333333333333333, 0.6666666666666666]]","[0.25, 0.75]"
SM PARACETAMOL 500MG C/10TAB NVO,"[[2, 6], [6, 6]]","[[0.25, 0.75], [0.5, 0.5]]","[0.4, 0.6]"
SM PREGABALINA 75MG C/28CAP,"[[0, 1], [1, 13]]","[[0.0, 1.0], [0.07142857142857142, 0.9285714285714286]]","[0.0666666667, 0.9333333333]"
SM TELMISARTAN 40MG C/14TAB,"[[0, 1], [1, 6]]","[[0.0, 1.0], [0.14285714285714285, 0.8571428571428571]]","[0.125, 0.875]"
SODIPENTAL 500MG C/1FAMP D/20ML SI,"[[4, 9], [9, 26]]","[[0.3076923076923077, 0.6923076923076923], [0.2571428571428571, 0.7428571428571429]]","[0.2708333333, 0.7291666667]"
SODRIMAX 2/20/10MG/ML C/10ML 1FCO SOOT,"[[0, 4], [4, 32]]","[[0.0, 1.0], [0.1111111111111111, 0.8888888888888888]]","[0.1, 0.9]"
SOFLORAN C/100ML 1FCO,"[[31, 11], [11, 14]]","[[0.7380952380952381, 0.2619047619047619], [0.44, 0.56]]","[0.6268656716, 0.3731343284]"
SOL CS 17.7% C/10ML 100AMP SI NVO,"[[144, 6], [6, 1]]","[[0.96, 0.04], [0.8571428571428571, 0.14285714285714285]]","[0.9554140127, 0.0445859873]"
SOL CS MINIVAL 100ML SI C/ADAP VIAL,"[[4, 9], [9, 74]]","[[0.3076923076923077, 0.6923076923076923], [0.10843373493975904, 0.891566265060241]]","[0.1354166667, 0.8645833333]"
SOL CS MINIVAL 50ML SI C/ADAP VIAL,"[[0, 5], [5, 55]]","[[0.0, 1.0], [0.08333333333333333, 0.9166666666666666]]","[0.0769230769, 0.9230769231]"
SOL FP-20 C/10ML 50AMP SI NVO,"[[58, 28], [28, 17]]","[[0.6744186046511628, 0.32558139534883723], [0.6222222222222222, 0.37777777777777777]]","[0.6564885496, 0.3435114504]"
SOL FP-20 C/50ML 1FCO SI,"[[8, 35], [35, 103]]","[[0.18604651162790697, 0.813953488372093], [0.2536231884057971, 0.7463768115942029]]","[0.2375690608, 0.7624309392]"
SOLDRIN 10/25/20MG/ML C/10ML 1FCO SOOT,"[[13, 26], [26, 109]]","[[0.3333333333333333, 0.6666666666666666], [0.1925925925925926, 0.8074074074074075]]","[0.224137931, 0.775862069]"
SOLDRIN OFTALMICO 1/3.5MG/ML C/10ML SOOF,"[[10, 32], [32, 107]]","[[0.23809523809523808, 0.7619047619047619], [0.2302158273381295, 0.7697841726618705]]","[0.2320441989, 0.7679558011]"
SOLUCION 1X1 C/500ML 1FCO FLX SI,"[[1, 14], [14, 102]]","[[0.06666666666666667, 0.9333333333333333], [0.1206896551724138, 0.8793103448275862]]","[0.1145038168, 0.8854961832]"
SOLUCION CS 0.9% C/500ML 1FCO PLAS SI,"[[3, 12], [12, 158]]","[[0.2, 0.8], [0.07058823529411765, 0.9294117647058824]]","[0.0810810811, 0.9189189189]"
SOLUCION CS 0.9% P/IRRIG 3000ML BOLSA SI,"[[185, 1], [1, 0]]","[[0.9946236559139785, 0.005376344086021506], [1.0, 0.0]]","[0.9946524064, 0.0053475936]"
SOLUCION CS 17.7% C/10ML 100AMP SI,"[[28, 6], [6, 80]]","[[0.8235294117647058, 0.17647058823529413], [0.06976744186046512, 0.9302325581395349]]","[0.2833333333, 0.7166666667]"
SOLUCION CS C/1000ML 1BOLSA SI,"[[0, 3], [3, 9]]","[[0.0, 1.0], [0.25, 0.75]]","[0.2, 0.8]"
SOLUCION CS C/1000ML 1FCO SI,"[[3, 6], [6, 106]]","[[0.3333333333333333, 0.6666666666666666], [0.05357142857142857, 0.9464285714285714]]","[0.0743801653, 0.9256198347]"
SOLUCION CS C/1000ML FLX SI,"[[187, 0], [0, 0]]","[[1.0, 0.0], [0, 0]]","[1.0, 0.0]"
SOLUCION CS C/100ML MINIOVAL SI,"[[185, 1], [1, 0]]","[[0.9946236559139785, 0.005376344086021506], [1.0, 0.0]]","[0.9946524064, 0.0053475936]"
SOLUCION CS C/250ML 1FCO PLAS SI,"[[13, 3], [3, 53]]","[[0.8125, 0.1875], [0.05357142857142857, 0.9464285714285714]]","[0.2222222222, 0.7777777778]"
SOLUCION CS C/250ML 1FCO PLAS SI T,"[[187, 0], [0, 0]]","[[1.0, 0.0], [0, 0]]","[1.0, 0.0]"
SOLUCION CS C/250ML 1FCO SI,"[[24, 43], [43, 75]]","[[0.3582089552238806, 0.6417910447761194], [0.3644067796610169, 0.635593220338983]]","[0.3621621622, 0.6378378378]"
SOLUCION CS C/500ML 1FCO FLX SI,"[[187, 0], [0, 0]]","[[1.0, 0.0], [0, 0]]","[1.0, 0.0]"
SOLUCION CS C/500ML 1FCO SI,"[[6, 24], [24, 128]]","[[0.2, 0.8], [0.15789473684210525, 0.8421052631578947]]","[0.1648351648, 0.8351648352]"
SOLUCION CS C/50ML MINIOVAL SI,"[[183, 2], [2, 0]]","[[0.9891891891891892, 0.010810810810810811], [1.0, 0.0]]","[0.9893048128, 0.0106951872]"
SOLUCION CS PISA P/IRRIGACION C/1000ML,"[[116, 32], [32, 5]]","[[0.7837837837837838, 0.21621621621621623], [0.8648648648648649, 0.13513513513513514]]","[0.8, 0.2]"
SOLUCION CS-C17.7% C/50ML SI,"[[27, 36], [36, 62]]","[[0.42857142857142855, 0.5714285714285714], [0.3673469387755102, 0.6326530612244898]]","[0.3913043478, 0.6086956522]"
SOLUCION DP 2.5% MODIF MG Y LACT 2L,"[[51, 36], [36, 57]]","[[0.5862068965517241, 0.41379310344827586], [0.3870967741935484, 0.6129032258064516]]","[0.4833333333, 0.5166666667]"
SOLUCION DP BAJA MAGN 1.5% C/2L,"[[98, 35], [35, 17]]","[[0.7368421052631579, 0.2631578947368421], [0.6730769230769231, 0.3269230769230769]]","[0.7189189189, 0.2810810811]"
SOLUCION DP BAJA MAGN 4.25% C/2L,"[[6, 19], [19, 137]]","[[0.24, 0.76], [0.12179487179487179, 0.8782051282051282]]","[0.138121547, 0.861878453]"
SOLUCION DX-10 C/1000ML FLX SI,"[[175, 6], [6, 0]]","[[0.9668508287292817, 0.03314917127071823], [1.0, 0.0]]","[0.9679144385, 0.0320855615]"
SOLUCION DX-10 C/500ML 1FCO FLX SI,"[[175, 5], [5, 2]]","[[0.9722222222222222, 0.027777777777777776], [0.7142857142857143, 0.2857142857142857]]","[0.9625668449, 0.0374331551]"
SOLUCION DX-5 C/1000ML 1FCO SI,"[[1, 3], [3, 15]]","[[0.25, 0.75], [0.16666666666666666, 0.8333333333333334]]","[0.1818181818, 0.8181818182]"
SOLUCION DX-5 C/1000ML FLX SI,"[[187, 0], [0, 0]]","[[1.0, 0.0], [0, 0]]","[1.0, 0.0]"
SOLUCION DX-5 C/100ML MINIOVAL SI,"[[154, 15], [15, 3]]","[[0.9112426035502958, 0.08875739644970414], [0.8333333333333334, 0.16666666666666666]]","[0.9037433155, 0.0962566845]"
SOLUCION DX-5 C/250ML 1FCO PLAS SI,"[[10, 5], [5, 29]]","[[0.6666666666666666, 0.3333333333333333], [0.14705882352941177, 0.8529411764705882]]","[0.306122449, 0.693877551]"
SOLUCION DX-5 C/250ML 1FCO PLAS SI T,"[[182, 2], [2, 1]]","[[0.9891304347826086, 0.010869565217391304], [0.6666666666666666, 0.3333333333333333]]","[0.9839572193, 0.0160427807]"
SOLUCION DX-5 C/250ML 1FCO SI,"[[0, 11], [11, 159]]","[[0.0, 1.0], [0.06470588235294118, 0.9352941176470588]]","[0.0607734807, 0.9392265193]"
SOLUCION DX-5 C/500ML 1FCO FLX SI,"[[187, 0], [0, 0]]","[[1.0, 0.0], [0, 0]]","[1.0, 0.0]"
SOLUCION DX-5 C/500ML 1FCO SI,"[[1, 4], [4, 111]]","[[0.2, 0.8], [0.034782608695652174, 0.9652173913043478]]","[0.0416666667, 0.9583333333]"
SOLUCION DX-5 C/50ML MINIOVAL SI,"[[71, 35], [35, 44]]","[[0.6698113207547169, 0.330188679245283], [0.4430379746835443, 0.5569620253164557]]","[0.572972973, 0.427027027]"
SOLUCION DX-50 C/500ML 1FCO SI,"[[28, 44], [44, 69]]","[[0.3888888888888889, 0.6111111111111112], [0.3893805309734513, 0.6106194690265486]]","[0.3891891892, 0.6108108108]"
SOLUCION DX-50 PISA C/50ML MINIOVAL SI,"[[160, 5], [5, 0]]","[[0.9696969696969697, 0.030303030303030304], [1.0, 0.0]]","[0.9705882353, 0.0294117647]"
SOLUCION DX-50 PiSA MINIOVAL 50ML NVO,"[[39, 1], [1, 0]]","[[0.975, 0.025], [1.0, 0.0]]","[0.9756097561, 0.0243902439]"
SOLUCION DX-CS C/1000ML 1FCO SI,"[[3, 4], [4, 60]]","[[0.42857142857142855, 0.5714285714285714], [0.0625, 0.9375]]","[0.0985915493, 0.9014084507]"
SOLUCION DX-CS C/1000ML FLX SI,"[[187, 0], [0, 0]]","[[1.0, 0.0], [0, 0]]","[1.0, 0.0]"
SOLUCION DX-CS C/500ML 1FCO FLX SI,"[[187, 0], [0, 0]]","[[1.0, 0.0], [0, 0]]","[1.0, 0.0]"
SOLUCION FP-20 10ML C/50AMP SI,"[[34, 7], [7, 29]]","[[0.8292682926829268, 0.17073170731707318], [0.19444444444444445, 0.8055555555555556]]","[0.5324675325, 0.4675324675]"
SOLUCION HM C/POTASIO 1:35.83 C/3.78L,"[[0, 6], [6, 75]]","[[0.0, 1.0], [0.07407407407407407, 0.9259259259259259]]","[0.0689655172, 0.9310344828]"
SOLUCION HM PISA 1:34 C/P 208L,"[[26, 50], [50, 56]]","[[0.34210526315789475, 0.6578947368421053], [0.4716981132075472, 0.5283018867924528]]","[0.4175824176, 0.5824175824]"
SOLUCION HM PISA 1:34 C/P 3.78L,"[[3, 3], [3, 4]]","[[0.5, 0.5], [0.42857142857142855, 0.5714285714285714]]","[0.4615384615, 0.5384615385]"
SOLUCION HM PISA 1:35.83 C/P 208L,"[[59, 42], [42, 41]]","[[0.5841584158415841, 0.4158415841584158], [0.5060240963855421, 0.4939759036144578]]","[0.5489130435, 0.4510869565]"
SOLUCION HT C/1000ML 1FCO SI,"[[6, 10], [10, 94]]","[[0.375, 0.625], [0.09615384615384616, 0.9038461538461539]]","[0.1333333333, 0.8666666667]"
SOLUCION HT C/1000ML FLX SI,"[[187, 0], [0, 0]]","[[1.0, 0.0], [0, 0]]","[1.0, 0.0]"
SOLUCION HT C/250ML 1FCO PLAS SI,"[[185, 1], [1, 0]]","[[0.9946236559139785, 0.005376344086021506], [1.0, 0.0]]","[0.9946524064, 0.0053475936]"
SOLUCION HT C/250ML 1FCO SI,"[[3, 8], [8, 116]]","[[0.2727272727272727, 0.7272727272727273], [0.06451612903225806, 0.9354838709677419]]","[0.0814814815, 0.9185185185]"
SOLUCION HT C/500ML 1FCO FLX SI,"[[187, 0], [0, 0]]","[[1.0, 0.0], [0, 0]]","[1.0, 0.0]"
SOLUCION HT C/500ML 1FCO SI,"[[2, 9], [9, 92]]","[[0.18181818181818182, 0.8181818181818182], [0.0891089108910891, 0.9108910891089109]]","[0.0982142857, 0.9017857143]"
SOLUCION NM EN DX-5 C/1000ML 1FCO SI,"[[18, 34], [34, 86]]","[[0.34615384615384615, 0.6538461538461539], [0.2833333333333333, 0.7166666666666667]]","[0.3023255814, 0.6976744186]"
SOLUCION SSB C/500ML 1FCO FLX,"[[144, 16], [16, 11]]","[[0.9, 0.1], [0.5925925925925926, 0.4074074074074074]]","[0.8556149733, 0.1443850267]"
SOLUCION SSB PISA C/250ML 1FCO PLAS,"[[127, 26], [26, 8]]","[[0.8300653594771242, 0.16993464052287582], [0.7647058823529411, 0.23529411764705882]]","[0.8181818182, 0.1818181818]"
SONDA NUTRITUB CH-12 NASOYEY,"[[12, 26], [26, 119]]","[[0.3157894736842105, 0.6842105263157895], [0.1793103448275862, 0.8206896551724138]]","[0.2076502732, 0.7923497268]"
SULFESTREP 1G D/2ML C/1FAMP SI,"[[35, 16], [16, 68]]","[[0.6862745098039216, 0.3137254901960784], [0.19047619047619047, 0.8095238095238095]]","[0.3777777778, 0.6222222222]"
SUPACID 40MG C/1FAMP C/DIL SI,"[[3, 2], [2, 24]]","[[0.6, 0.4], [0.07692307692307693, 0.9230769230769231]]","[0.1612903226, 0.8387096774]"
SUPACID OT 20MG C/14TAB,"[[0, 1], [1, 19]]","[[0.0, 1.0], [0.05, 0.95]]","[0.0476190476, 0.9523809524]"
SURGISTAIN 4 L BOT CUADRADA,"[[21, 21], [21, 23]]","[[0.5, 0.5], [0.4772727272727273, 0.5227272727272727]]","[0.488372093, 0.511627907]"
SURGISTAIN GALON 4000ML,"[[24, 25], [25, 80]]","[[0.4897959183673469, 0.5102040816326531], [0.23809523809523808, 0.7619047619047619]]","[0.3181818182, 0.6818181818]"
SYCLON DE GRAVEDAD 1 VIA,"[[1, 2], [2, 12]]","[[0.3333333333333333, 0.6666666666666666], [0.14285714285714285, 0.8571428571428571]]","[0.1764705882, 0.8235294118]"
TAPON GIRATEK P/SITIO DE INYECCION,"[[175, 5], [5, 2]]","[[0.9722222222222222, 0.027777777777777776], [0.7142857142857143, 0.2857142857142857]]","[0.9625668449, 0.0374331551]"
TENDRIN 50MG/2ML C/2ML 10AMP SI,"[[16, 33], [33, 97]]","[[0.32653061224489793, 0.673469387755102], [0.25384615384615383, 0.7461538461538462]]","[0.2737430168, 0.7262569832]"
TOALLA QX EST 100% ALG AZUL 35X65CM C/5,"[[1, 14], [14, 121]]","[[0.06666666666666667, 0.9333333333333333], [0.1037037037037037, 0.8962962962962963]]","[0.1, 0.9]"
TRACEFUSIN C/20ML 1FAMP SI,"[[109, 21], [21, 36]]","[[0.8384615384615385, 0.16153846153846155], [0.3684210526315789, 0.631578947368421]]","[0.6951871658, 0.3048128342]"
UMECORTIL 500MG 1FAMP D/10ML LIOF SI,"[[5, 9], [9, 49]]","[[0.35714285714285715, 0.6428571428571429], [0.15517241379310345, 0.8448275862068966]]","[0.1944444444, 0.8055555556]"
UNIFORME QX UNITALLA DESECH AZUL,"[[0, 1], [1, 1]]","[[0.0, 1.0], [0.5, 0.5]]","[0.3333333333, 0.6666666667]"
UNOKAVI 10MG/1ML C/1ML 5AMP EMINY,"[[135, 17], [17, 17]]","[[0.8881578947368421, 0.1118421052631579], [0.5, 0.5]]","[0.8172043011, 0.1827956989]"
UNOKAVI 2MG/0.2ML C/0.2ML 5AMP EMINY,"[[166, 9], [9, 3]]","[[0.9485714285714286, 0.05142857142857143], [0.75, 0.25]]","[0.935828877, 0.064171123]"
UREOPLAST RECOLECION DE ORINA C/2L BOLSA,"[[174, 5], [5, 3]]","[[0.9720670391061452, 0.027932960893854747], [0.625, 0.375]]","[0.9572192513, 0.0427807487]"
UREOSAC BOLSA P/RECOLECCION ORINA 2L,"[[147, 8], [8, 9]]","[[0.9483870967741935, 0.05161290322580645], [0.47058823529411764, 0.5294117647058824]]","[0.9011627907, 0.0988372093]"
UREOTEK RECOLECION DE ORINA C/2L BOLSA,"[[145, 8], [8, 26]]","[[0.9477124183006536, 0.05228758169934641], [0.23529411764705882, 0.7647058823529411]]","[0.8181818182, 0.1818181818]"
UREOTEK SISTEMA LIBRE DE AGUJA BOLSA 2L,"[[1, 3], [3, 58]]","[[0.25, 0.75], [0.04918032786885246, 0.9508196721311475]]","[0.0615384615, 0.9384615385]"
UXICOLIN 40MG/2ML C/2ML 5AMP SI,"[[50, 24], [24, 86]]","[[0.6756756756756757, 0.32432432432432434], [0.21818181818181817, 0.7818181818181819]]","[0.402173913, 0.597826087]"
VALVULA LOPEZ,"[[126, 26], [26, 8]]","[[0.8289473684210527, 0.17105263157894737], [0.7647058823529411, 0.23529411764705882]]","[0.8172043011, 0.1827956989]"
VANAURUS 500MG C/1FAMP SI PI,"[[157, 12], [12, 5]]","[[0.9289940828402367, 0.07100591715976332], [0.7058823529411765, 0.29411764705882354]]","[0.9086021505, 0.0913978495]"
VEINCAT 14G CATETER PERIFERICO,"[[1, 17], [17, 129]]","[[0.05555555555555555, 0.9444444444444444], [0.11643835616438356, 0.8835616438356164]]","[0.1097560976, 0.8902439024]"
VEINCAT 16G CATETER PERIFERICO,"[[3, 12], [12, 155]]","[[0.2, 0.8], [0.0718562874251497, 0.9281437125748503]]","[0.0824175824, 0.9175824176]"
VEINCAT 18G CATETER PERIFERICO,"[[53, 48], [48, 36]]","[[0.5247524752475248, 0.4752475247524752], [0.5714285714285714, 0.42857142857142855]]","[0.5459459459, 0.4540540541]"
VEINCAT 20G CATETER PERIFERICO,"[[41, 48], [48, 47]]","[[0.4606741573033708, 0.5393258426966292], [0.5052631578947369, 0.49473684210526314]]","[0.4836956522, 0.5163043478]"
VEINCAT 22G CATETER PERIFERICO,"[[81, 46], [46, 13]]","[[0.6377952755905512, 0.36220472440944884], [0.7796610169491526, 0.22033898305084745]]","[0.6827956989, 0.3172043011]"
VEINCAT 24G CATETER PERIFERICO,"[[77, 29], [29, 51]]","[[0.7264150943396226, 0.27358490566037735], [0.3625, 0.6375]]","[0.5698924731, 0.4301075269]"
VEINCAT 26G CATETER PERIFERICO,"[[22, 39], [39, 85]]","[[0.36065573770491804, 0.639344262295082], [0.31451612903225806, 0.6854838709677419]]","[0.3297297297, 0.6702702703]"
VENDA ENYESADA 10CMX2.75M C/12,"[[45, 40], [40, 57]]","[[0.5294117647058824, 0.47058823529411764], [0.41237113402061853, 0.5876288659793815]]","[0.467032967, 0.532967033]"
VENDA ENYESADA 15CMX2.75M C/12,"[[31, 38], [38, 75]]","[[0.4492753623188406, 0.5507246376811594], [0.336283185840708, 0.6637168141592921]]","[0.3791208791, 0.6208791209]"
VINALTRO 0.075MG/1.5ML C/1FAMP SI,"[[0, 5], [5, 48]]","[[0.0, 1.0], [0.09433962264150944, 0.9056603773584906]]","[0.0862068966, 0.9137931034]"
VINALTRO 0.25MG/5ML C/1FAMP SI,"[[0, 3], [3, 63]]","[[0.0, 1.0], [0.045454545454545456, 0.9545454545454546]]","[0.0434782609, 0.9565217391]"
VINZA 0.5MG/2.5MG C/2.5ML 10AMP SNEB,"[[0, 7], [7, 111]]","[[0.0, 1.0], [0.059322033898305086, 0.940677966101695]]","[0.056, 0.944]"
VITAFUSIN ADU D/5ML C/1FAMP SI,"[[85, 30], [30, 42]]","[[0.7391304347826086, 0.2608695652173913], [0.4166666666666667, 0.5833333333333334]]","[0.614973262, 0.385026738]"
VITAFUSIN-PED C/1FAMP D/5ML SI PED,"[[39, 30], [30, 85]]","[[0.5652173913043478, 0.43478260869565216], [0.2608695652173913, 0.7391304347826086]]","[0.375, 0.625]"
XERENDIP 16UI D/1ML C/CART LIOF SI NVAIM,"[[0, 2], [2, 3]]","[[0.0, 1.0], [0.4, 0.6]]","[0.2857142857, 0.7142857143]"
XERENDIP 4UI D/1ML C/1FAMP SI,"[[2, 18], [18, 125]]","[[0.1, 0.9], [0.1258741258741259, 0.8741258741258742]]","[0.1226993865, 0.8773006135]"
ZN-FUSIN 1MG/ML C/10ML 5FAMP SI,"[[8, 42], [42, 91]]","[[0.16, 0.84], [0.3157894736842105, 0.6842105263157895]]","[0.2732240437, 0.7267759563]"
ZUFTIL 0.25MG/5ML C/5ML 5AMP SI,"[[2, 4], [4, 58]]","[[0.3333333333333333, 0.6666666666666666], [0.06451612903225806, 0.9354838709677419]]","[0.0882352941, 0.9117647059]"
